Invoice_Text,Category
Exempt Supply Bill Rs 265026,Exempt Supply
Cash Sale Bill Rs 278124,B2C
GST Liability Payment Rs 330579,GST Payment
Sales Return Credit Note Rs 449130,Credit Note
GST Liability Payment Rs 30601,GST Payment
GST Challan Payment Rs 434926,GST Payment
Sales Return Credit Note Rs 45743,Credit Note
RCM Professional Fees Rs 39607,Reverse Charge
Corporate Invoice for Tata Steel Rs 222120,B2B
GST Liability Payment Rs 146889,GST Payment
GST Invoice to Infosys Rs 352315,B2B
Monthly GST Deposit Rs 10004,GST Payment
Vendor Debit Note Rs 347807,Debit Note
Export Invoice to Japan Rs 239657,Export
Retail Sale Invoice Rs 356832,B2C
Customer Purchase Bill Rs 297384,B2C
Import Purchase Bill Germany Rs 68009,Import
Tax Invoice issued to HCL Rs 2998,B2B
Reverse Charge GST Service Rs 477124,Reverse Charge
Medical Service Exempt Invoice Rs 343203,Exempt Supply
Import Material Invoice Germany Rs 316092,Import
RCM Professional Fees Rs 355000,Reverse Charge
Medical Service Exempt Invoice Rs 248034,Exempt Supply
Debit Note For Short Supply Rs 435003,Debit Note
Exempt Supply Bill Rs 97670,Exempt Supply
Corporate Invoice for Deloitte Rs 497142,B2B
Vendor Debit Note Rs 307307,Debit Note
Credit Adjustment Note Rs 454891,Credit Note
Overseas Supplier Invoice Singapore Rs 429134,Import
GST Invoice to Oracle Rs 346235,B2B
Overseas Supplier Invoice Germany Rs 375014,Import
Credit Note Against Invoice Rs 427589,Credit Note
Export Supply Invoice USA Rs 290660,Export
Customer Credit Note Rs 427595,Credit Note
Debit Note For Short Supply Rs 131246,Debit Note
International Sale to USA Rs 23680,Export
Reverse Charge GST Service Rs 231972,Reverse Charge
GST Liability Payment Rs 9713,GST Payment
Purchase Adjustment Debit Note Rs 109312,Debit Note
Cash Sale Bill Rs 397757,B2C
Corporate Invoice for Wipro Rs 217050,B2B
Healthcare Service Invoice Rs 227829,Exempt Supply
Retail Sale Invoice Rs 413408,B2C
International Sale to Australia Rs 313499,Export
Input GST Refund Rs 308559,GST Refund
Sales Return Credit Note Rs 20305,Credit Note
Export Invoice to UK Rs 47732,Export
Sales Return Credit Note Rs 233899,Credit Note
Wholesale Sale to Wipro Rs 16422,B2B
Reverse Charge GST Service Rs 270363,Reverse Charge
GST Claim Refund Rs 207377,GST Refund
Cash Sale Bill Rs 349725,B2C
GST Refund Received Rs 210297,GST Refund
Retail Sale Invoice Rs 93422,B2C
Credit Adjustment Note Rs 193185,Credit Note
Advocate Invoice RCM Rs 487493,Reverse Charge
GST Liability Payment Rs 65603,GST Payment
Advocate Invoice RCM Rs 254790,Reverse Charge
Debit Note For Freight Rs 27763,Debit Note
Consumer Invoice Rs 488279,B2C
GST Refund Received Rs 239013,GST Refund
Overseas Supplier Invoice Japan Rs 350148,Import
Legal Service Under RCM Rs 450418,Reverse Charge
Debit Note For Short Supply Rs 12048,Debit Note
Exempt Supply Bill Rs 411611,Exempt Supply
Medical Service Exempt Invoice Rs 423025,Exempt Supply
Credit Adjustment Note Rs 147071,Credit Note
Input GST Refund Rs 464219,GST Refund
GST Invoice to HCL Rs 130053,B2B
GST Refund Received Rs 333689,GST Refund
Export GST Refund Rs 175176,GST Refund
Customer Purchase Bill Rs 318662,B2C
GST Challan Payment Rs 33748,GST Payment
Debit Note For Freight Rs 193935,Debit Note
Import Goods From Japan Rs 31723,Import
Consumer Invoice Rs 191386,B2C
Advocate Invoice RCM Rs 177213,Reverse Charge
Import Goods From Singapore Rs 15417,Import
Customer Purchase Bill Rs 487658,B2C
Healthcare Service Invoice Rs 429179,Exempt Supply
Tax Invoice issued to Google Rs 121649,B2B
Sales Return Credit Note Rs 378353,Credit Note
GST Refund Received Rs 111480,GST Refund
Export GST Refund Rs 40221,GST Refund
Legal Service Under RCM Rs 184628,Reverse Charge
Export GST Refund Rs 335798,GST Refund
RCM Professional Fees Rs 99545,Reverse Charge
Export Invoice to Australia Rs 90566,Export
Customer Purchase Bill Rs 156811,B2C
RCM Professional Fees Rs 112952,Reverse Charge
GST Claim Refund Rs 52512,GST Refund
Legal Service Under RCM Rs 43505,Reverse Charge
Customer Purchase Bill Rs 223337,B2C
Retail Sale Invoice Rs 76654,B2C
Exempt Supply Bill Rs 133919,Exempt Supply
Education Service Invoice Rs 422652,Exempt Supply
Import Goods From UK Rs 217295,Import
Monthly GST Deposit Rs 447760,GST Payment
GST Refund Received Rs 37055,GST Refund
Exempt Supply Bill Rs 478069,Exempt Supply
Credit Note Against Invoice Rs 215322,Credit Note
Customer Credit Note Rs 51827,Credit Note
Export Invoice to Germany Rs 148404,Export
GST Challan Payment Rs 160981,GST Payment
Retail Sale Invoice Rs 293126,B2C
Customer Credit Note Rs 469337,Credit Note
Import Material Invoice USA Rs 214663,Import
Customer Purchase Bill Rs 494829,B2C
Import Goods From USA Rs 419809,Import
LUT Export Invoice to Singapore Rs 360659,Export
Import Goods From Japan Rs 242176,Import
Input GST Refund Rs 322305,GST Refund
Debit Note For Freight Rs 22679,Debit Note
Legal Service Under RCM Rs 494060,Reverse Charge
Import Goods From USA Rs 403794,Import
Retail Sale Invoice Rs 223391,B2C
Purchase Adjustment Debit Note Rs 177810,Debit Note
Credit Adjustment Note Rs 437191,Credit Note
Retail Sale Invoice Rs 108905,B2C
Reverse Charge GST Service Rs 282720,Reverse Charge
Exempt Supply Bill Rs 390628,Exempt Supply
Vendor Debit Note Rs 116629,Debit Note
Debit Note For Short Supply Rs 86225,Debit Note
LUT Export Invoice to Singapore Rs 62132,Export
Consumer Invoice Rs 379971,B2C
GST Refund Received Rs 219683,GST Refund
Export Invoice to Japan Rs 50984,Export
Credit Note Against Invoice Rs 192951,Credit Note
Debit Note For Short Supply Rs 14188,Debit Note
Retail Sale Invoice Rs 305157,B2C
Healthcare Service Invoice Rs 136596,Exempt Supply
Exempt Supply Bill Rs 360416,Exempt Supply
Import Material Invoice USA Rs 75643,Import
Export Supply Invoice UK Rs 470858,Export
Credit Adjustment Note Rs 336634,Credit Note
GST Tax Payment Rs 224664,GST Payment
Healthcare Service Invoice Rs 294269,Exempt Supply
Exempt Supply Bill Rs 350566,Exempt Supply
Legal Service Under RCM Rs 70751,Reverse Charge
GST Claim Refund Rs 145051,GST Refund
GST Challan Payment Rs 228168,GST Payment
Retail Sale Invoice Rs 124304,B2C
Legal Service Under RCM Rs 466802,Reverse Charge
Customer Credit Note Rs 369396,Credit Note
GST Claim Refund Rs 463692,GST Refund
International Sale to Australia Rs 372361,Export
Overseas Supplier Invoice USA Rs 3755,Import
GST Liability Payment Rs 5370,GST Payment
Retail Sale Invoice Rs 155585,B2C
GST Invoice to Amazon Rs 443070,B2B
RCM Professional Fees Rs 107164,Reverse Charge
Credit Note Against Invoice Rs 23401,Credit Note
Overseas Supplier Invoice Singapore Rs 435929,Import
Debit Note For Short Supply Rs 356369,Debit Note
Customer Purchase Bill Rs 86572,B2C
Wholesale Sale to TCS Rs 374891,B2B
Export Invoice to Japan Rs 20392,Export
RCM Professional Fees Rs 328121,Reverse Charge
LUT Export Invoice to Japan Rs 482898,Export
RCM Professional Fees Rs 24263,Reverse Charge
Import Purchase Bill Germany Rs 365553,Import
Sales Return Credit Note Rs 450434,Credit Note
Corporate Invoice for Deloitte Rs 80910,B2B
Debit Note For Freight Rs 289923,Debit Note
Medical Service Exempt Invoice Rs 147747,Exempt Supply
Input GST Refund Rs 348520,GST Refund
RCM Professional Fees Rs 70242,Reverse Charge
GST Challan Payment Rs 87410,GST Payment
Retail Sale Invoice Rs 394790,B2C
Legal Service Under RCM Rs 142184,Reverse Charge
Debit Note For Freight Rs 89339,Debit Note
Import Purchase Bill UK Rs 224259,Import
Healthcare Service Invoice Rs 91510,Exempt Supply
Medical Service Exempt Invoice Rs 94598,Exempt Supply
Export Invoice to Germany Rs 129543,Export
GST Tax Payment Rs 79936,GST Payment
Overseas Supplier Invoice UK Rs 293665,Import
GST Tax Payment Rs 206901,GST Payment
Credit Note Against Invoice Rs 372290,Credit Note
Reverse Charge GST Service Rs 32577,Reverse Charge
Monthly GST Deposit Rs 57724,GST Payment
Import Purchase Bill Japan Rs 358843,Import
Healthcare Service Invoice Rs 33783,Exempt Supply
Purchase Adjustment Debit Note Rs 473299,Debit Note
Credit Note Against Invoice Rs 44100,Credit Note
Import Goods From Germany Rs 128223,Import
Education Service Invoice Rs 83268,Exempt Supply
RCM Professional Fees Rs 416536,Reverse Charge
Purchase Adjustment Debit Note Rs 80878,Debit Note
GST Liability Payment Rs 121033,GST Payment
Overseas Supplier Invoice Canada Rs 171305,Import
Customer Purchase Bill Rs 455053,B2C
GST Challan Payment Rs 196377,GST Payment
Customer Purchase Bill Rs 455575,B2C
Wholesale Sale to Oracle Rs 446696,B2B
Export Supply Invoice USA Rs 88295,Export
Debit Note For Freight Rs 142812,Debit Note
Credit Adjustment Note Rs 67361,Credit Note
Import Goods From Singapore Rs 46833,Import
GST Refund Received Rs 179043,GST Refund
Healthcare Service Invoice Rs 172802,Exempt Supply
LUT Export Invoice to Australia Rs 314011,Export
GST Invoice to Tata Steel Rs 215174,B2B
Overseas Supplier Invoice USA Rs 150552,Import
LUT Export Invoice to Japan Rs 415293,Export
Customer Purchase Bill Rs 434642,B2C
GST Claim Refund Rs 93139,GST Refund
GST Liability Payment Rs 410373,GST Payment
Purchase Adjustment Debit Note Rs 292906,Debit Note
Wholesale Sale to Amazon Rs 378261,B2B
Advocate Invoice RCM Rs 55154,Reverse Charge
Tax Invoice issued to Google Rs 227763,B2B
Retail Sale Invoice Rs 320630,B2C
GST Invoice to Reliance Rs 480067,B2B
Overseas Supplier Invoice USA Rs 82881,Import
Exempt Supply Bill Rs 202155,Exempt Supply
Debit Note For Short Supply Rs 219564,Debit Note
Consumer Invoice Rs 123536,B2C
LUT Export Invoice to USA Rs 145685,Export
GST Tax Payment Rs 122066,GST Payment
Credit Adjustment Note Rs 371868,Credit Note
Tax Invoice issued to IBM Rs 100414,B2B
Export Invoice to Germany Rs 119041,Export
Vendor Debit Note Rs 357849,Debit Note
Education Service Invoice Rs 334916,Exempt Supply
Education Service Invoice Rs 50441,Exempt Supply
Export Supply Invoice USA Rs 407439,Export
GST Invoice to Reliance Rs 266507,B2B
Reverse Charge GST Service Rs 75180,Reverse Charge
Retail Sale Invoice Rs 88871,B2C
Healthcare Service Invoice Rs 431077,Exempt Supply
Retail Sale Invoice Rs 31978,B2C
Legal Service Under RCM Rs 126739,Reverse Charge
GST Claim Refund Rs 409681,GST Refund
Reverse Charge GST Service Rs 448943,Reverse Charge
Retail Sale Invoice Rs 287443,B2C
Debit Note For Short Supply Rs 388699,Debit Note
Customer Credit Note Rs 377730,Credit Note
GST Challan Payment Rs 287808,GST Payment
Export Invoice to UK Rs 352607,Export
Import Purchase Bill USA Rs 317629,Import
GST Claim Refund Rs 312003,GST Refund
LUT Export Invoice to Australia Rs 24986,Export
Customer Credit Note Rs 352022,Credit Note
GST Liability Payment Rs 368274,GST Payment
Tax Invoice issued to Tata Steel Rs 486910,B2B
Credit Adjustment Note Rs 341113,Credit Note
Education Service Invoice Rs 12107,Exempt Supply
Credit Adjustment Note Rs 200224,Credit Note
GST Liability Payment Rs 492572,GST Payment
Vendor Debit Note Rs 400402,Debit Note
Retail Sale Invoice Rs 330422,B2C
Debit Note For Freight Rs 95958,Debit Note
Export Invoice to UK Rs 68233,Export
Export GST Refund Rs 21028,GST Refund
Purchase Adjustment Debit Note Rs 421431,Debit Note
Export Supply Invoice Japan Rs 2539,Export
Import Material Invoice Germany Rs 421638,Import
Exempt Supply Bill Rs 114042,Exempt Supply
Monthly GST Deposit Rs 441239,GST Payment
Corporate Invoice for Infosys Rs 218002,B2B
Exempt Supply Bill Rs 230645,Exempt Supply
Corporate Invoice for Adani Rs 460096,B2B
Input GST Refund Rs 354357,GST Refund
Purchase Adjustment Debit Note Rs 287448,Debit Note
Input GST Refund Rs 165221,GST Refund
Cash Sale Bill Rs 241812,B2C
Tax Invoice issued to TCS Rs 231675,B2B
Retail Sale Invoice Rs 107933,B2C
Debit Note For Short Supply Rs 156924,Debit Note
Monthly GST Deposit Rs 157230,GST Payment
Medical Service Exempt Invoice Rs 37499,Exempt Supply
Export Supply Invoice Germany Rs 238717,Export
Legal Service Under RCM Rs 232674,Reverse Charge
Healthcare Service Invoice Rs 303964,Exempt Supply
Exempt Supply Bill Rs 266627,Exempt Supply
Overseas Supplier Invoice UK Rs 440319,Import
LUT Export Invoice to Singapore Rs 228914,Export
GST Refund Received Rs 306871,GST Refund
Consumer Invoice Rs 83573,B2C
Education Service Invoice Rs 497161,Exempt Supply
GST Refund Received Rs 495321,GST Refund
Import Material Invoice Singapore Rs 7716,Import
GST Tax Payment Rs 350363,GST Payment
GST Challan Payment Rs 186790,GST Payment
Tax Invoice issued to Adani Rs 181511,B2B
Consumer Invoice Rs 474582,B2C
RCM Professional Fees Rs 432524,Reverse Charge
Corporate Invoice for Amazon Rs 18266,B2B
GST Invoice to Microsoft Rs 253178,B2B
GST Tax Payment Rs 96454,GST Payment
Export GST Refund Rs 262713,GST Refund
GST Claim Refund Rs 295272,GST Refund
Legal Service Under RCM Rs 451338,Reverse Charge
Export Invoice to UK Rs 367606,Export
Consumer Invoice Rs 361274,B2C
GST Invoice to Oracle Rs 327940,B2B
Legal Service Under RCM Rs 267400,Reverse Charge
Healthcare Service Invoice Rs 115502,Exempt Supply
International Sale to Canada Rs 176744,Export
LUT Export Invoice to Canada Rs 419384,Export
GST Invoice to Microsoft Rs 23096,B2B
Education Service Invoice Rs 410136,Exempt Supply
GST Claim Refund Rs 240055,GST Refund
Overseas Supplier Invoice Canada Rs 348536,Import
Healthcare Service Invoice Rs 12651,Exempt Supply
Debit Note For Short Supply Rs 270744,Debit Note
GST Tax Payment Rs 18155,GST Payment
Customer Credit Note Rs 462934,Credit Note
Tax Invoice issued to Amazon Rs 451161,B2B
Debit Note For Freight Rs 130140,Debit Note
Legal Service Under RCM Rs 266722,Reverse Charge
Monthly GST Deposit Rs 71337,GST Payment
Credit Note Against Invoice Rs 302925,Credit Note
Vendor Debit Note Rs 47828,Debit Note
Export Invoice to Germany Rs 487097,Export
Export GST Refund Rs 226961,GST Refund
GST Refund Received Rs 177539,GST Refund
Education Service Invoice Rs 406108,Exempt Supply
GST Claim Refund Rs 92693,GST Refund
Wholesale Sale to Wipro Rs 462464,B2B
Legal Service Under RCM Rs 414581,Reverse Charge
Corporate Invoice for Reliance Rs 330461,B2B
Consumer Invoice Rs 420266,B2C
Credit Adjustment Note Rs 498992,Credit Note
Export Supply Invoice Canada Rs 197249,Export
Medical Service Exempt Invoice Rs 367928,Exempt Supply
Import Material Invoice USA Rs 52846,Import
Legal Service Under RCM Rs 69077,Reverse Charge
Import Goods From Japan Rs 170146,Import
Export Supply Invoice Canada Rs 86865,Export
Export Invoice to Canada Rs 297225,Export
Export GST Refund Rs 381444,GST Refund
Export Supply Invoice Australia Rs 206340,Export
Customer Purchase Bill Rs 166248,B2C
Reverse Charge GST Service Rs 239686,Reverse Charge
Cash Sale Bill Rs 115161,B2C
Tax Invoice issued to Adani Rs 28491,B2B
Purchase Adjustment Debit Note Rs 29498,Debit Note
RCM Professional Fees Rs 98390,Reverse Charge
Input GST Refund Rs 119206,GST Refund
Cash Sale Bill Rs 421574,B2C
Medical Service Exempt Invoice Rs 386158,Exempt Supply
Sales Return Credit Note Rs 402458,Credit Note
Export Invoice to USA Rs 343572,Export
Advocate Invoice RCM Rs 398350,Reverse Charge
Customer Purchase Bill Rs 345300,B2C
Exempt Supply Bill Rs 466459,Exempt Supply
Export GST Refund Rs 105023,GST Refund
Sales Return Credit Note Rs 493913,Credit Note
Tax Invoice issued to Reliance Rs 339298,B2B
International Sale to Singapore Rs 447191,Export
GST Claim Refund Rs 409485,GST Refund
RCM Professional Fees Rs 462549,Reverse Charge
GST Invoice to Reliance Rs 368606,B2B
Export Invoice to UK Rs 431462,Export
RCM Professional Fees Rs 401603,Reverse Charge
Reverse Charge GST Service Rs 468248,Reverse Charge
GST Tax Payment Rs 475821,GST Payment
Purchase Adjustment Debit Note Rs 490334,Debit Note
Export Invoice to Germany Rs 205734,Export
Customer Purchase Bill Rs 133997,B2C
Overseas Supplier Invoice Singapore Rs 212596,Import
Corporate Invoice for Flipkart Rs 450965,B2B
Import Purchase Bill Canada Rs 157390,Import
International Sale to Canada Rs 28381,Export
Advocate Invoice RCM Rs 328932,Reverse Charge
Customer Purchase Bill Rs 463646,B2C
Vendor Debit Note Rs 164170,Debit Note
Cash Sale Bill Rs 35642,B2C
Input GST Refund Rs 472811,GST Refund
Exempt Supply Bill Rs 256543,Exempt Supply
Wholesale Sale to Reliance Rs 99511,B2B
Legal Service Under RCM Rs 31059,Reverse Charge
Export GST Refund Rs 353083,GST Refund
GST Claim Refund Rs 473619,GST Refund
LUT Export Invoice to Canada Rs 204427,Export
Advocate Invoice RCM Rs 197310,Reverse Charge
Medical Service Exempt Invoice Rs 343193,Exempt Supply
GST Refund Received Rs 191906,GST Refund
GST Claim Refund Rs 28118,GST Refund
Credit Adjustment Note Rs 390936,Credit Note
LUT Export Invoice to Australia Rs 208504,Export
Advocate Invoice RCM Rs 95895,Reverse Charge
GST Refund Received Rs 244902,GST Refund
Import Material Invoice UK Rs 63137,Import
Export Invoice to Japan Rs 107852,Export
GST Claim Refund Rs 245696,GST Refund
Import Purchase Bill Japan Rs 33552,Import
GST Claim Refund Rs 315983,GST Refund
Legal Service Under RCM Rs 185486,Reverse Charge
Legal Service Under RCM Rs 296511,Reverse Charge
Export Invoice to USA Rs 473834,Export
Import Goods From Australia Rs 93028,Import
International Sale to Japan Rs 159928,Export
Sales Return Credit Note Rs 434086,Credit Note
GST Tax Payment Rs 91490,GST Payment
Reverse Charge GST Service Rs 47787,Reverse Charge
Cash Sale Bill Rs 269261,B2C
Export Invoice to Japan Rs 224749,Export
Credit Note Against Invoice Rs 349868,Credit Note
Customer Purchase Bill Rs 425248,B2C
Credit Note Against Invoice Rs 90133,Credit Note
Import Goods From Germany Rs 183666,Import
International Sale to USA Rs 369044,Export
Debit Note For Freight Rs 250866,Debit Note
Medical Service Exempt Invoice Rs 83016,Exempt Supply
Consumer Invoice Rs 184411,B2C
Purchase Adjustment Debit Note Rs 180536,Debit Note
GST Liability Payment Rs 342447,GST Payment
Export Invoice to UK Rs 144251,Export
Import Goods From Germany Rs 428125,Import
Advocate Invoice RCM Rs 243860,Reverse Charge
Sales Return Credit Note Rs 311751,Credit Note
Corporate Invoice for Wipro Rs 287730,B2B
GST Refund Received Rs 281427,GST Refund
Consumer Invoice Rs 44402,B2C
GST Invoice to Adani Rs 260547,B2B
Wholesale Sale to Adani Rs 213766,B2B
RCM Professional Fees Rs 303147,Reverse Charge
Import Material Invoice Australia Rs 82042,Import
Consumer Invoice Rs 83070,B2C
GST Challan Payment Rs 388484,GST Payment
Export Supply Invoice USA Rs 205666,Export
GST Liability Payment Rs 218000,GST Payment
Healthcare Service Invoice Rs 452621,Exempt Supply
GST Tax Payment Rs 38630,GST Payment
Purchase Adjustment Debit Note Rs 355681,Debit Note
Debit Note For Freight Rs 24111,Debit Note
GST Tax Payment Rs 1930,GST Payment
Export Supply Invoice Canada Rs 386579,Export
Input GST Refund Rs 448787,GST Refund
GST Liability Payment Rs 230766,GST Payment
Export Supply Invoice Canada Rs 234761,Export
Education Service Invoice Rs 123246,Exempt Supply
Exempt Supply Bill Rs 379953,Exempt Supply
Debit Note For Freight Rs 30479,Debit Note
Credit Note Against Invoice Rs 459476,Credit Note
Retail Sale Invoice Rs 18388,B2C
Input GST Refund Rs 54452,GST Refund
International Sale to Japan Rs 396641,Export
Corporate Invoice for Microsoft Rs 383476,B2B
Input GST Refund Rs 269269,GST Refund
Import Purchase Bill Japan Rs 326969,Import
GST Claim Refund Rs 393400,GST Refund
Export Invoice to Germany Rs 216271,Export
Credit Adjustment Note Rs 103484,Credit Note
GST Refund Received Rs 91394,GST Refund
Import Material Invoice Canada Rs 428109,Import
GST Challan Payment Rs 260233,GST Payment
Wholesale Sale to Amazon Rs 144746,B2B
GST Challan Payment Rs 1730,GST Payment
Corporate Invoice for Flipkart Rs 492248,B2B
GST Liability Payment Rs 49879,GST Payment
Exempt Supply Bill Rs 225328,Exempt Supply
Advocate Invoice RCM Rs 387343,Reverse Charge
Customer Purchase Bill Rs 81298,B2C
Legal Service Under RCM Rs 391336,Reverse Charge
GST Claim Refund Rs 335322,GST Refund
Export Supply Invoice Japan Rs 2178,Export
Customer Purchase Bill Rs 469886,B2C
Consumer Invoice Rs 306395,B2C
Import Purchase Bill Canada Rs 428758,Import
Vendor Debit Note Rs 175389,Debit Note
Export Invoice to Germany Rs 258681,Export
Cash Sale Bill Rs 15951,B2C
Corporate Invoice for Microsoft Rs 10444,B2B
Sales Return Credit Note Rs 200585,Credit Note
Retail Sale Invoice Rs 419178,B2C
Credit Note Against Invoice Rs 257724,Credit Note
Export Supply Invoice Germany Rs 368085,Export
Export Invoice to Canada Rs 67175,Export
Customer Credit Note Rs 267050,Credit Note
GST Challan Payment Rs 304184,GST Payment
Advocate Invoice RCM Rs 311706,Reverse Charge
International Sale to UK Rs 447888,Export
Import Goods From UK Rs 185989,Import
International Sale to Australia Rs 13360,Export
Customer Purchase Bill Rs 140790,B2C
GST Refund Received Rs 29523,GST Refund
Healthcare Service Invoice Rs 46540,Exempt Supply
Input GST Refund Rs 63212,GST Refund
Customer Purchase Bill Rs 273856,B2C
Export Invoice to Australia Rs 320172,Export
GST Liability Payment Rs 192788,GST Payment
Monthly GST Deposit Rs 105926,GST Payment
Import Goods From Japan Rs 409418,Import
Cash Sale Bill Rs 449715,B2C
Sales Return Credit Note Rs 113235,Credit Note
Cash Sale Bill Rs 27967,B2C
GST Claim Refund Rs 347291,GST Refund
Export Supply Invoice Australia Rs 67858,Export
Medical Service Exempt Invoice Rs 162063,Exempt Supply
Export Supply Invoice USA Rs 459739,Export
Import Goods From Germany Rs 17635,Import
Import Purchase Bill Germany Rs 78035,Import
GST Liability Payment Rs 305540,GST Payment
LUT Export Invoice to UK Rs 71793,Export
Legal Service Under RCM Rs 433678,Reverse Charge
Import Purchase Bill USA Rs 101217,Import
Advocate Invoice RCM Rs 10206,Reverse Charge
LUT Export Invoice to Canada Rs 78843,Export
Credit Adjustment Note Rs 58586,Credit Note
GST Challan Payment Rs 217746,GST Payment
Reverse Charge GST Service Rs 83903,Reverse Charge
Exempt Supply Bill Rs 442409,Exempt Supply
Input GST Refund Rs 81057,GST Refund
Corporate Invoice for Microsoft Rs 471938,B2B
Medical Service Exempt Invoice Rs 35973,Exempt Supply
Debit Note For Freight Rs 230882,Debit Note
GST Invoice to IBM Rs 458418,B2B
Customer Purchase Bill Rs 449825,B2C
Export Invoice to Singapore Rs 369836,Export
GST Refund Received Rs 274164,GST Refund
Exempt Supply Bill Rs 131995,Exempt Supply
Reverse Charge GST Service Rs 370261,Reverse Charge
Credit Note Against Invoice Rs 215337,Credit Note
Consumer Invoice Rs 152348,B2C
Export GST Refund Rs 6905,GST Refund
Debit Note For Freight Rs 243540,Debit Note
Reverse Charge GST Service Rs 227924,Reverse Charge
Retail Sale Invoice Rs 315661,B2C
Reverse Charge GST Service Rs 240044,Reverse Charge
Import Material Invoice Singapore Rs 275061,Import
Import Purchase Bill Canada Rs 121711,Import
Overseas Supplier Invoice Germany Rs 228057,Import
International Sale to Japan Rs 168055,Export
Consumer Invoice Rs 281320,B2C
Sales Return Credit Note Rs 441035,Credit Note
GST Challan Payment Rs 392994,GST Payment
Vendor Debit Note Rs 188384,Debit Note
Healthcare Service Invoice Rs 486471,Exempt Supply
Wholesale Sale to HCL Rs 326958,B2B
Import Goods From Germany Rs 458073,Import
Credit Note Against Invoice Rs 166845,Credit Note
Medical Service Exempt Invoice Rs 312466,Exempt Supply
Export GST Refund Rs 167059,GST Refund
Customer Credit Note Rs 263912,Credit Note
International Sale to Canada Rs 461117,Export
Healthcare Service Invoice Rs 244793,Exempt Supply
Tax Invoice issued to TCS Rs 478863,B2B
GST Challan Payment Rs 347605,GST Payment
Vendor Debit Note Rs 243418,Debit Note
Debit Note For Short Supply Rs 437206,Debit Note
GST Liability Payment Rs 155183,GST Payment
Customer Credit Note Rs 247081,Credit Note
Import Purchase Bill Singapore Rs 200963,Import
Legal Service Under RCM Rs 351009,Reverse Charge
Medical Service Exempt Invoice Rs 126229,Exempt Supply
Exempt Supply Bill Rs 297990,Exempt Supply
Export Invoice to Japan Rs 413190,Export
GST Invoice to Adani Rs 147176,B2B
Consumer Invoice Rs 205818,B2C
Debit Note For Freight Rs 1124,Debit Note
Tax Invoice issued to Wipro Rs 185187,B2B
GST Liability Payment Rs 40453,GST Payment
Reverse Charge GST Service Rs 431738,Reverse Charge
Education Service Invoice Rs 138971,Exempt Supply
Wholesale Sale to Accenture Rs 416957,B2B
Reverse Charge GST Service Rs 445336,Reverse Charge
Export Supply Invoice Canada Rs 151678,Export
Exempt Supply Bill Rs 225276,Exempt Supply
Sales Return Credit Note Rs 336726,Credit Note
Import Material Invoice Japan Rs 151480,Import
Import Material Invoice Australia Rs 26031,Import
Vendor Debit Note Rs 25033,Debit Note
Medical Service Exempt Invoice Rs 470953,Exempt Supply
Customer Credit Note Rs 365579,Credit Note
Purchase Adjustment Debit Note Rs 202311,Debit Note
Tax Invoice issued to Infosys Rs 463090,B2B
GST Liability Payment Rs 35505,GST Payment
Monthly GST Deposit Rs 164990,GST Payment
GST Challan Payment Rs 246017,GST Payment
GST Refund Received Rs 477783,GST Refund
Export Invoice to Australia Rs 432789,Export
Purchase Adjustment Debit Note Rs 219517,Debit Note
Export Invoice to Japan Rs 323168,Export
GST Challan Payment Rs 55881,GST Payment
Healthcare Service Invoice Rs 276785,Exempt Supply
Healthcare Service Invoice Rs 402993,Exempt Supply
Export GST Refund Rs 442770,GST Refund
Exempt Supply Bill Rs 9181,Exempt Supply
Export GST Refund Rs 414680,GST Refund
Cash Sale Bill Rs 450445,B2C
Credit Note Against Invoice Rs 290668,Credit Note
International Sale to USA Rs 1349,Export
Monthly GST Deposit Rs 302775,GST Payment
Advocate Invoice RCM Rs 36966,Reverse Charge
Cash Sale Bill Rs 375584,B2C
Retail Sale Invoice Rs 325680,B2C
Medical Service Exempt Invoice Rs 51132,Exempt Supply
Overseas Supplier Invoice Singapore Rs 265848,Import
Medical Service Exempt Invoice Rs 264732,Exempt Supply
GST Tax Payment Rs 146134,GST Payment
Legal Service Under RCM Rs 95707,Reverse Charge
Corporate Invoice for Wipro Rs 116155,B2B
GST Claim Refund Rs 30745,GST Refund
Exempt Supply Bill Rs 231285,Exempt Supply
Credit Adjustment Note Rs 402249,Credit Note
Credit Adjustment Note Rs 248710,Credit Note
Sales Return Credit Note Rs 160977,Credit Note
International Sale to Australia Rs 31766,Export
Export Invoice to Germany Rs 6052,Export
GST Challan Payment Rs 481986,GST Payment
GST Challan Payment Rs 220941,GST Payment
GST Tax Payment Rs 207187,GST Payment
Debit Note For Short Supply Rs 352973,Debit Note
Input GST Refund Rs 227076,GST Refund
Customer Purchase Bill Rs 188154,B2C
RCM Professional Fees Rs 3908,Reverse Charge
Debit Note For Short Supply Rs 198451,Debit Note
Export Invoice to USA Rs 397416,Export
Sales Return Credit Note Rs 480672,Credit Note
Export GST Refund Rs 301569,GST Refund
Reverse Charge GST Service Rs 350800,Reverse Charge
Export GST Refund Rs 207858,GST Refund
Debit Note For Freight Rs 317580,Debit Note
GST Tax Payment Rs 454133,GST Payment
Sales Return Credit Note Rs 456333,Credit Note
Credit Note Against Invoice Rs 418138,Credit Note
Reverse Charge GST Service Rs 99229,Reverse Charge
GST Challan Payment Rs 88468,GST Payment
Import Purchase Bill Singapore Rs 16792,Import
Import Purchase Bill UK Rs 350733,Import
Healthcare Service Invoice Rs 30882,Exempt Supply
Input GST Refund Rs 162883,GST Refund
GST Refund Received Rs 220843,GST Refund
Vendor Debit Note Rs 305447,Debit Note
Export Invoice to Canada Rs 59170,Export
Monthly GST Deposit Rs 55182,GST Payment
Customer Purchase Bill Rs 182887,B2C
Healthcare Service Invoice Rs 361966,Exempt Supply
Consumer Invoice Rs 157236,B2C
Purchase Adjustment Debit Note Rs 328625,Debit Note
Retail Sale Invoice Rs 417686,B2C
Export Supply Invoice USA Rs 317061,Export
Exempt Supply Bill Rs 262786,Exempt Supply
Exempt Supply Bill Rs 490401,Exempt Supply
Customer Purchase Bill Rs 107087,B2C
GST Challan Payment Rs 252759,GST Payment
GST Claim Refund Rs 379665,GST Refund
Corporate Invoice for Wipro Rs 1639,B2B
Import Purchase Bill Germany Rs 268503,Import
Healthcare Service Invoice Rs 327941,Exempt Supply
Exempt Supply Bill Rs 213914,Exempt Supply
Exempt Supply Bill Rs 233567,Exempt Supply
Cash Sale Bill Rs 243364,B2C
Export Invoice to USA Rs 220149,Export
Debit Note For Freight Rs 416154,Debit Note
Vendor Debit Note Rs 330822,Debit Note
Reverse Charge GST Service Rs 14721,Reverse Charge
GST Challan Payment Rs 303094,GST Payment
Debit Note For Freight Rs 488568,Debit Note
Purchase Adjustment Debit Note Rs 28765,Debit Note
Input GST Refund Rs 235600,GST Refund
Corporate Invoice for Amazon Rs 404195,B2B
Monthly GST Deposit Rs 295469,GST Payment
Medical Service Exempt Invoice Rs 365360,Exempt Supply
Export Supply Invoice Japan Rs 479937,Export
International Sale to Japan Rs 315402,Export
Wholesale Sale to Accenture Rs 157609,B2B
Credit Adjustment Note Rs 122708,Credit Note
Purchase Adjustment Debit Note Rs 372383,Debit Note
Customer Purchase Bill Rs 317277,B2C
Debit Note For Short Supply Rs 397662,Debit Note
Reverse Charge GST Service Rs 444443,Reverse Charge
Corporate Invoice for IBM Rs 343276,B2B
Legal Service Under RCM Rs 227468,Reverse Charge
Customer Purchase Bill Rs 440299,B2C
Wholesale Sale to Accenture Rs 211157,B2B
Import Goods From Australia Rs 162814,Import
Input GST Refund Rs 136642,GST Refund
Sales Return Credit Note Rs 330075,Credit Note
Customer Credit Note Rs 181444,Credit Note
Export Supply Invoice USA Rs 52700,Export
Export Invoice to Germany Rs 205689,Export
Export GST Refund Rs 390772,GST Refund
Customer Purchase Bill Rs 482417,B2C
Customer Credit Note Rs 173401,Credit Note
Exempt Supply Bill Rs 92285,Exempt Supply
GST Challan Payment Rs 182855,GST Payment
Purchase Adjustment Debit Note Rs 381761,Debit Note
Import Purchase Bill Germany Rs 133559,Import
Reverse Charge GST Service Rs 414219,Reverse Charge
Reverse Charge GST Service Rs 419793,Reverse Charge
Advocate Invoice RCM Rs 80069,Reverse Charge
GST Refund Received Rs 302121,GST Refund
Input GST Refund Rs 359360,GST Refund
GST Refund Received Rs 166105,GST Refund
Advocate Invoice RCM Rs 56324,Reverse Charge
Consumer Invoice Rs 446389,B2C
LUT Export Invoice to Japan Rs 353945,Export
Import Purchase Bill Singapore Rs 187387,Import
Vendor Debit Note Rs 475370,Debit Note
GST Tax Payment Rs 387583,GST Payment
RCM Professional Fees Rs 397447,Reverse Charge
GST Invoice to Tata Steel Rs 319489,B2B
GST Challan Payment Rs 283155,GST Payment
Import Material Invoice Canada Rs 275077,Import
Corporate Invoice for Microsoft Rs 303640,B2B
Exempt Supply Bill Rs 376441,Exempt Supply
Exempt Supply Bill Rs 187092,Exempt Supply
Export Invoice to Canada Rs 433449,Export
Healthcare Service Invoice Rs 474905,Exempt Supply
Wholesale Sale to Flipkart Rs 499692,B2B
Export GST Refund Rs 141020,GST Refund
Import Purchase Bill Canada Rs 443265,Import
Overseas Supplier Invoice Australia Rs 275901,Import
Retail Sale Invoice Rs 29786,B2C
Wholesale Sale to HCL Rs 290203,B2B
Sales Return Credit Note Rs 463254,Credit Note
Monthly GST Deposit Rs 137695,GST Payment
Credit Adjustment Note Rs 174235,Credit Note
Corporate Invoice for Amazon Rs 359375,B2B
Import Material Invoice USA Rs 269523,Import
Export Invoice to Canada Rs 388014,Export
Input GST Refund Rs 298079,GST Refund
Corporate Invoice for Tata Steel Rs 84518,B2B
Export Supply Invoice UK Rs 153972,Export
GST Liability Payment Rs 437854,GST Payment
Cash Sale Bill Rs 228107,B2C
Input GST Refund Rs 369342,GST Refund
LUT Export Invoice to Australia Rs 211112,Export
GST Refund Received Rs 423608,GST Refund
GST Liability Payment Rs 152802,GST Payment
Overseas Supplier Invoice UK Rs 51854,Import
GST Invoice to Reliance Rs 448414,B2B
Customer Credit Note Rs 378295,Credit Note
Import Goods From Japan Rs 45187,Import
Sales Return Credit Note Rs 62248,Credit Note
Consumer Invoice Rs 209820,B2C
Credit Note Against Invoice Rs 441974,Credit Note
Customer Purchase Bill Rs 491184,B2C
LUT Export Invoice to UK Rs 260770,Export
Debit Note For Freight Rs 53523,Debit Note
Import Purchase Bill UK Rs 228104,Import
Input GST Refund Rs 480058,GST Refund
Debit Note For Freight Rs 424194,Debit Note
Consumer Invoice Rs 442372,B2C
Import Purchase Bill Japan Rs 222799,Import
GST Invoice to Tata Steel Rs 252348,B2B
GST Challan Payment Rs 487934,GST Payment
Consumer Invoice Rs 21050,B2C
Wholesale Sale to Infosys Rs 275265,B2B
Corporate Invoice for TCS Rs 236569,B2B
Export Supply Invoice Germany Rs 381992,Export
Wholesale Sale to Google Rs 348038,B2B
Import Goods From Japan Rs 275393,Import
GST Tax Payment Rs 246559,GST Payment
GST Challan Payment Rs 13151,GST Payment
Input GST Refund Rs 474212,GST Refund
Monthly GST Deposit Rs 297551,GST Payment
Legal Service Under RCM Rs 80118,Reverse Charge
LUT Export Invoice to Germany Rs 62193,Export
Advocate Invoice RCM Rs 463551,Reverse Charge
Corporate Invoice for Wipro Rs 109962,B2B
Purchase Adjustment Debit Note Rs 104265,Debit Note
Legal Service Under RCM Rs 403433,Reverse Charge
Sales Return Credit Note Rs 69602,Credit Note
GST Tax Payment Rs 337881,GST Payment
Advocate Invoice RCM Rs 488500,Reverse Charge
LUT Export Invoice to Australia Rs 218551,Export
Customer Purchase Bill Rs 67733,B2C
Monthly GST Deposit Rs 194043,GST Payment
Healthcare Service Invoice Rs 441350,Exempt Supply
Vendor Debit Note Rs 57902,Debit Note
Healthcare Service Invoice Rs 374166,Exempt Supply
GST Refund Received Rs 468772,GST Refund
Import Purchase Bill Australia Rs 359538,Import
GST Liability Payment Rs 12751,GST Payment
Retail Sale Invoice Rs 338368,B2C
GST Liability Payment Rs 489349,GST Payment
Purchase Adjustment Debit Note Rs 130809,Debit Note
Export GST Refund Rs 131737,GST Refund
Retail Sale Invoice Rs 459815,B2C
International Sale to UK Rs 252196,Export
Exempt Supply Bill Rs 52958,Exempt Supply
GST Tax Payment Rs 18912,GST Payment
Consumer Invoice Rs 379469,B2C
Export Invoice to USA Rs 91608,Export
Import Goods From Germany Rs 140717,Import
Retail Sale Invoice Rs 246195,B2C
Export Supply Invoice Japan Rs 455986,Export
Credit Note Against Invoice Rs 128767,Credit Note
Tax Invoice issued to Adani Rs 482771,B2B
GST Liability Payment Rs 403663,GST Payment
Import Material Invoice UK Rs 230663,Import
Credit Note Against Invoice Rs 456814,Credit Note
Purchase Adjustment Debit Note Rs 259515,Debit Note
Credit Note Against Invoice Rs 233228,Credit Note
GST Refund Received Rs 391297,GST Refund
Medical Service Exempt Invoice Rs 122485,Exempt Supply
Credit Adjustment Note Rs 195955,Credit Note
Purchase Adjustment Debit Note Rs 458356,Debit Note
Customer Purchase Bill Rs 209457,B2C
Sales Return Credit Note Rs 47662,Credit Note
Export Invoice to Japan Rs 334331,Export
GST Liability Payment Rs 56888,GST Payment
Vendor Debit Note Rs 441426,Debit Note
Customer Purchase Bill Rs 97872,B2C
Import Goods From Australia Rs 183399,Import
Vendor Debit Note Rs 125762,Debit Note
Tax Invoice issued to Adani Rs 469545,B2B
Corporate Invoice for Oracle Rs 455168,B2B
Education Service Invoice Rs 397969,Exempt Supply
Sales Return Credit Note Rs 238840,Credit Note
Cash Sale Bill Rs 323315,B2C
RCM Professional Fees Rs 331357,Reverse Charge
Import Material Invoice Singapore Rs 141958,Import
Credit Adjustment Note Rs 110010,Credit Note
Reverse Charge GST Service Rs 303863,Reverse Charge
Customer Purchase Bill Rs 274666,B2C
Input GST Refund Rs 391871,GST Refund
Wholesale Sale to Google Rs 225980,B2B
Exempt Supply Bill Rs 259853,Exempt Supply
GST Liability Payment Rs 490061,GST Payment
RCM Professional Fees Rs 190316,Reverse Charge
Input GST Refund Rs 324184,GST Refund
Debit Note For Short Supply Rs 168053,Debit Note
GST Tax Payment Rs 210122,GST Payment
Exempt Supply Bill Rs 162495,Exempt Supply
Import Goods From USA Rs 315391,Import
RCM Professional Fees Rs 490222,Reverse Charge
Sales Return Credit Note Rs 32032,Credit Note
Credit Adjustment Note Rs 313562,Credit Note
Corporate Invoice for Reliance Rs 483265,B2B
RCM Professional Fees Rs 493553,Reverse Charge
Export GST Refund Rs 43519,GST Refund
Consumer Invoice Rs 47671,B2C
Credit Adjustment Note Rs 23446,Credit Note
GST Tax Payment Rs 492502,GST Payment
Consumer Invoice Rs 11738,B2C
Overseas Supplier Invoice UK Rs 2918,Import
Import Material Invoice Canada Rs 272058,Import
Sales Return Credit Note Rs 73935,Credit Note
Sales Return Credit Note Rs 349820,Credit Note
GST Invoice to Infosys Rs 5907,B2B
Purchase Adjustment Debit Note Rs 67333,Debit Note
Customer Purchase Bill Rs 348889,B2C
Vendor Debit Note Rs 344650,Debit Note
Credit Adjustment Note Rs 231397,Credit Note
Customer Credit Note Rs 123255,Credit Note
Education Service Invoice Rs 106283,Exempt Supply
Customer Credit Note Rs 194233,Credit Note
Sales Return Credit Note Rs 255912,Credit Note
Import Purchase Bill UK Rs 461559,Import
Retail Sale Invoice Rs 412942,B2C
Reverse Charge GST Service Rs 369553,Reverse Charge
GST Liability Payment Rs 145383,GST Payment
Corporate Invoice for Flipkart Rs 248554,B2B
Debit Note For Short Supply Rs 4912,Debit Note
Credit Note Against Invoice Rs 352105,Credit Note
Customer Credit Note Rs 286333,Credit Note
Overseas Supplier Invoice Germany Rs 377640,Import
Export Supply Invoice Singapore Rs 56007,Export
GST Refund Received Rs 443875,GST Refund
Advocate Invoice RCM Rs 483269,Reverse Charge
Export Invoice to UK Rs 450602,Export
Tax Invoice issued to HCL Rs 245711,B2B
Advocate Invoice RCM Rs 255803,Reverse Charge
Credit Note Against Invoice Rs 313845,Credit Note
Export Invoice to Japan Rs 223852,Export
Wholesale Sale to Deloitte Rs 438332,B2B
Purchase Adjustment Debit Note Rs 373131,Debit Note
GST Refund Received Rs 454027,GST Refund
Corporate Invoice for Adani Rs 149366,B2B
LUT Export Invoice to Australia Rs 373893,Export
Medical Service Exempt Invoice Rs 32770,Exempt Supply
Export Invoice to Germany Rs 104283,Export
Healthcare Service Invoice Rs 76702,Exempt Supply
Import Goods From Singapore Rs 195314,Import
Input GST Refund Rs 356998,GST Refund
Education Service Invoice Rs 412185,Exempt Supply
Monthly GST Deposit Rs 348343,GST Payment
International Sale to UK Rs 485887,Export
International Sale to Singapore Rs 24930,Export
Corporate Invoice for Deloitte Rs 358035,B2B
Cash Sale Bill Rs 360626,B2C
Export Supply Invoice Germany Rs 159120,Export
Input GST Refund Rs 62748,GST Refund
Reverse Charge GST Service Rs 125180,Reverse Charge
GST Liability Payment Rs 388545,GST Payment
Advocate Invoice RCM Rs 386095,Reverse Charge
Vendor Debit Note Rs 130154,Debit Note
Customer Credit Note Rs 472532,Credit Note
Healthcare Service Invoice Rs 327677,Exempt Supply
Credit Note Against Invoice Rs 425331,Credit Note
GST Challan Payment Rs 123760,GST Payment
Import Goods From Australia Rs 276781,Import
Corporate Invoice for Infosys Rs 281114,B2B
Input GST Refund Rs 268045,GST Refund
GST Refund Received Rs 25885,GST Refund
Sales Return Credit Note Rs 392942,Credit Note
LUT Export Invoice to USA Rs 456203,Export
Overseas Supplier Invoice Singapore Rs 161353,Import
GST Refund Received Rs 122438,GST Refund
Import Purchase Bill USA Rs 384483,Import
Export GST Refund Rs 251112,GST Refund
Overseas Supplier Invoice Germany Rs 123349,Import
Customer Purchase Bill Rs 31457,B2C
Credit Note Against Invoice Rs 284920,Credit Note
Monthly GST Deposit Rs 16574,GST Payment
Medical Service Exempt Invoice Rs 89255,Exempt Supply
Wholesale Sale to Infosys Rs 480936,B2B
Tax Invoice issued to IBM Rs 21580,B2B
Healthcare Service Invoice Rs 103113,Exempt Supply
Education Service Invoice Rs 215286,Exempt Supply
Corporate Invoice for Infosys Rs 134007,B2B
Purchase Adjustment Debit Note Rs 28829,Debit Note
Purchase Adjustment Debit Note Rs 31863,Debit Note
Debit Note For Short Supply Rs 131841,Debit Note
Exempt Supply Bill Rs 437618,Exempt Supply
GST Challan Payment Rs 464565,GST Payment
GST Refund Received Rs 259881,GST Refund
Corporate Invoice for Deloitte Rs 281185,B2B
Import Material Invoice Germany Rs 341003,Import
Customer Purchase Bill Rs 146997,B2C
GST Liability Payment Rs 141546,GST Payment
GST Claim Refund Rs 19035,GST Refund
Education Service Invoice Rs 126174,Exempt Supply
Advocate Invoice RCM Rs 205815,Reverse Charge
Monthly GST Deposit Rs 124428,GST Payment
Import Goods From UK Rs 234507,Import
Customer Credit Note Rs 356115,Credit Note
Cash Sale Bill Rs 208694,B2C
Medical Service Exempt Invoice Rs 220725,Exempt Supply
LUT Export Invoice to UK Rs 168588,Export
Credit Adjustment Note Rs 254370,Credit Note
Credit Adjustment Note Rs 151782,Credit Note
Medical Service Exempt Invoice Rs 203907,Exempt Supply
GST Refund Received Rs 238640,GST Refund
Input GST Refund Rs 74833,GST Refund
GST Tax Payment Rs 196138,GST Payment
Medical Service Exempt Invoice Rs 445672,Exempt Supply
Wholesale Sale to Tata Steel Rs 122264,B2B
International Sale to UK Rs 327544,Export
Retail Sale Invoice Rs 11154,B2C
Monthly GST Deposit Rs 401758,GST Payment
Retail Sale Invoice Rs 330495,B2C
Purchase Adjustment Debit Note Rs 163816,Debit Note
Reverse Charge GST Service Rs 66058,Reverse Charge
Export GST Refund Rs 324955,GST Refund
Credit Adjustment Note Rs 449881,Credit Note
Debit Note For Freight Rs 282092,Debit Note
Purchase Adjustment Debit Note Rs 111875,Debit Note
Healthcare Service Invoice Rs 397087,Exempt Supply
Exempt Supply Bill Rs 475261,Exempt Supply
Exempt Supply Bill Rs 298871,Exempt Supply
Credit Adjustment Note Rs 307435,Credit Note
Exempt Supply Bill Rs 178264,Exempt Supply
Debit Note For Freight Rs 21248,Debit Note
Cash Sale Bill Rs 43910,B2C
GST Liability Payment Rs 381834,GST Payment
Customer Purchase Bill Rs 233119,B2C
Legal Service Under RCM Rs 390927,Reverse Charge
GST Challan Payment Rs 404622,GST Payment
Reverse Charge GST Service Rs 172818,Reverse Charge
GST Invoice to Google Rs 74793,B2B
Tax Invoice issued to Reliance Rs 141534,B2B
Education Service Invoice Rs 220740,Exempt Supply
GST Invoice to Adani Rs 102425,B2B
Import Goods From Germany Rs 30774,Import
Purchase Adjustment Debit Note Rs 464438,Debit Note
Consumer Invoice Rs 367369,B2C
GST Liability Payment Rs 117575,GST Payment
Input GST Refund Rs 208990,GST Refund
Credit Adjustment Note Rs 415410,Credit Note
Overseas Supplier Invoice Japan Rs 461613,Import
Consumer Invoice Rs 274112,B2C
Customer Credit Note Rs 266080,Credit Note
Customer Credit Note Rs 285886,Credit Note
Reverse Charge GST Service Rs 360893,Reverse Charge
Wholesale Sale to Wipro Rs 46983,B2B
Sales Return Credit Note Rs 349608,Credit Note
Medical Service Exempt Invoice Rs 315179,Exempt Supply
Export Supply Invoice Singapore Rs 275852,Export
Consumer Invoice Rs 161232,B2C
Input GST Refund Rs 206132,GST Refund
Exempt Supply Bill Rs 93310,Exempt Supply
Vendor Debit Note Rs 420286,Debit Note
Export Supply Invoice USA Rs 8602,Export
Corporate Invoice for Microsoft Rs 65026,B2B
RCM Professional Fees Rs 179969,Reverse Charge
International Sale to UK Rs 275172,Export
Retail Sale Invoice Rs 236543,B2C
Import Material Invoice USA Rs 441221,Import
Overseas Supplier Invoice Singapore Rs 496563,Import
Reverse Charge GST Service Rs 438622,Reverse Charge
Debit Note For Freight Rs 164074,Debit Note
LUT Export Invoice to Canada Rs 360384,Export
Retail Sale Invoice Rs 41039,B2C
Advocate Invoice RCM Rs 364060,Reverse Charge
Cash Sale Bill Rs 22440,B2C
Monthly GST Deposit Rs 171938,GST Payment
Education Service Invoice Rs 95247,Exempt Supply
Tax Invoice issued to IBM Rs 406712,B2B
Exempt Supply Bill Rs 79164,Exempt Supply
Import Material Invoice Canada Rs 381674,Import
Debit Note For Freight Rs 471547,Debit Note
Wholesale Sale to HCL Rs 308814,B2B
Export Invoice to Australia Rs 26553,Export
Export Invoice to UK Rs 489580,Export
Customer Credit Note Rs 219086,Credit Note
Customer Credit Note Rs 352625,Credit Note
Export Invoice to Canada Rs 273421,Export
Import Purchase Bill Canada Rs 143195,Import
RCM Professional Fees Rs 345391,Reverse Charge
Debit Note For Freight Rs 445472,Debit Note
Legal Service Under RCM Rs 137299,Reverse Charge
Sales Return Credit Note Rs 82949,Credit Note
Wholesale Sale to Flipkart Rs 397739,B2B
GST Challan Payment Rs 64806,GST Payment
Monthly GST Deposit Rs 15195,GST Payment
Export Invoice to Canada Rs 368042,Export
Customer Purchase Bill Rs 367248,B2C
Tax Invoice issued to IBM Rs 183042,B2B
Consumer Invoice Rs 264082,B2C
GST Challan Payment Rs 474400,GST Payment
Export Supply Invoice USA Rs 317345,Export
Consumer Invoice Rs 487210,B2C
GST Invoice to Flipkart Rs 405905,B2B
International Sale to Australia Rs 225411,Export
Cash Sale Bill Rs 362558,B2C
Customer Credit Note Rs 455514,Credit Note
Purchase Adjustment Debit Note Rs 164408,Debit Note
Input GST Refund Rs 38479,GST Refund
Exempt Supply Bill Rs 124468,Exempt Supply
Credit Note Against Invoice Rs 274914,Credit Note
GST Claim Refund Rs 119367,GST Refund
RCM Professional Fees Rs 24127,Reverse Charge
Exempt Supply Bill Rs 372387,Exempt Supply
Import Goods From UK Rs 2021,Import
GST Liability Payment Rs 15128,GST Payment
Consumer Invoice Rs 57217,B2C
Import Goods From Canada Rs 378118,Import
GST Claim Refund Rs 122750,GST Refund
Export Invoice to Canada Rs 372621,Export
International Sale to Japan Rs 2426,Export
Healthcare Service Invoice Rs 309719,Exempt Supply
Overseas Supplier Invoice Singapore Rs 45499,Import
Debit Note For Freight Rs 284008,Debit Note
Debit Note For Short Supply Rs 264923,Debit Note
Consumer Invoice Rs 462110,B2C
Purchase Adjustment Debit Note Rs 412425,Debit Note
Monthly GST Deposit Rs 90922,GST Payment
Monthly GST Deposit Rs 48715,GST Payment
Tax Invoice issued to Microsoft Rs 77741,B2B
Corporate Invoice for HCL Rs 366032,B2B
Tax Invoice issued to Reliance Rs 258861,B2B
International Sale to Japan Rs 251267,Export
Customer Credit Note Rs 223608,Credit Note
GST Refund Received Rs 284647,GST Refund
Corporate Invoice for HCL Rs 343011,B2B
Reverse Charge GST Service Rs 495508,Reverse Charge
Advocate Invoice RCM Rs 77622,Reverse Charge
Exempt Supply Bill Rs 210289,Exempt Supply
Exempt Supply Bill Rs 44514,Exempt Supply
Input GST Refund Rs 391296,GST Refund
Debit Note For Freight Rs 474549,Debit Note
Consumer Invoice Rs 224578,B2C
Advocate Invoice RCM Rs 2124,Reverse Charge
Exempt Supply Bill Rs 277173,Exempt Supply
Vendor Debit Note Rs 352323,Debit Note
Debit Note For Short Supply Rs 293335,Debit Note
Monthly GST Deposit Rs 315222,GST Payment
GST Challan Payment Rs 282465,GST Payment
RCM Professional Fees Rs 235665,Reverse Charge
Import Goods From Singapore Rs 396876,Import
Cash Sale Bill Rs 446662,B2C
Corporate Invoice for HCL Rs 391908,B2B
GST Invoice to IBM Rs 340911,B2B
GST Refund Received Rs 167884,GST Refund
Export Invoice to Japan Rs 268850,Export
Healthcare Service Invoice Rs 315543,Exempt Supply
GST Invoice to Reliance Rs 219649,B2B
Import Goods From Germany Rs 120932,Import
Consumer Invoice Rs 42670,B2C
Import Goods From Singapore Rs 413487,Import
Import Purchase Bill Singapore Rs 107067,Import
Tax Invoice issued to Wipro Rs 191943,B2B
Credit Note Against Invoice Rs 215816,Credit Note
Debit Note For Freight Rs 70818,Debit Note
Cash Sale Bill Rs 338535,B2C
Wholesale Sale to Adani Rs 405867,B2B
RCM Professional Fees Rs 279052,Reverse Charge
Tax Invoice issued to Deloitte Rs 252891,B2B
Consumer Invoice Rs 298749,B2C
Debit Note For Freight Rs 97481,Debit Note
Consumer Invoice Rs 442369,B2C
Cash Sale Bill Rs 318578,B2C
RCM Professional Fees Rs 322833,Reverse Charge
Vendor Debit Note Rs 155963,Debit Note
Overseas Supplier Invoice Singapore Rs 362174,Import
Export GST Refund Rs 418208,GST Refund
Export GST Refund Rs 204224,GST Refund
Legal Service Under RCM Rs 205491,Reverse Charge
LUT Export Invoice to USA Rs 386469,Export
Customer Purchase Bill Rs 391157,B2C
Import Material Invoice USA Rs 111115,Import
GST Claim Refund Rs 201125,GST Refund
International Sale to Canada Rs 276183,Export
Healthcare Service Invoice Rs 425962,Exempt Supply
Import Purchase Bill Canada Rs 144511,Import
GST Challan Payment Rs 35538,GST Payment
Purchase Adjustment Debit Note Rs 424129,Debit Note
GST Challan Payment Rs 423673,GST Payment
Corporate Invoice for Microsoft Rs 10788,B2B
GST Challan Payment Rs 438728,GST Payment
Corporate Invoice for Oracle Rs 446659,B2B
Overseas Supplier Invoice USA Rs 37420,Import
Consumer Invoice Rs 298518,B2C
Vendor Debit Note Rs 274218,Debit Note
Retail Sale Invoice Rs 76468,B2C
Debit Note For Short Supply Rs 436571,Debit Note
Debit Note For Freight Rs 420786,Debit Note
Customer Credit Note Rs 423676,Credit Note
GST Claim Refund Rs 139088,GST Refund
GST Invoice to Amazon Rs 65865,B2B
Corporate Invoice for Tata Steel Rs 14501,B2B
Wholesale Sale to Infosys Rs 452073,B2B
Consumer Invoice Rs 104984,B2C
GST Invoice to HCL Rs 7254,B2B
Export Supply Invoice USA Rs 95060,Export
GST Invoice to Flipkart Rs 458431,B2B
RCM Professional Fees Rs 310742,Reverse Charge
GST Claim Refund Rs 266737,GST Refund
Wholesale Sale to Oracle Rs 304509,B2B
Tax Invoice issued to Deloitte Rs 145158,B2B
Credit Note Against Invoice Rs 130775,Credit Note
Import Purchase Bill Japan Rs 306034,Import
Corporate Invoice for Deloitte Rs 296752,B2B
Wholesale Sale to Reliance Rs 21531,B2B
Exempt Supply Bill Rs 449966,Exempt Supply
GST Refund Received Rs 202252,GST Refund
International Sale to Australia Rs 265623,Export
RCM Professional Fees Rs 344273,Reverse Charge
Sales Return Credit Note Rs 23956,Credit Note
Wholesale Sale to Microsoft Rs 183374,B2B
Cash Sale Bill Rs 169824,B2C
Export Invoice to Australia Rs 180341,Export
GST Refund Received Rs 470733,GST Refund
Sales Return Credit Note Rs 85455,Credit Note
GST Challan Payment Rs 98754,GST Payment
Wholesale Sale to Google Rs 471373,B2B
Healthcare Service Invoice Rs 163282,Exempt Supply
Import Material Invoice Germany Rs 181254,Import
Monthly GST Deposit Rs 380666,GST Payment
Corporate Invoice for Oracle Rs 92098,B2B
LUT Export Invoice to Singapore Rs 343032,Export
Tax Invoice issued to Reliance Rs 388527,B2B
Legal Service Under RCM Rs 40233,Reverse Charge
Monthly GST Deposit Rs 426349,GST Payment
Credit Adjustment Note Rs 346344,Credit Note
Advocate Invoice RCM Rs 487636,Reverse Charge
Legal Service Under RCM Rs 183600,Reverse Charge
Reverse Charge GST Service Rs 309918,Reverse Charge
Overseas Supplier Invoice USA Rs 157788,Import
Credit Adjustment Note Rs 209043,Credit Note
Customer Purchase Bill Rs 392318,B2C
Cash Sale Bill Rs 87235,B2C
GST Refund Received Rs 373215,GST Refund
Customer Purchase Bill Rs 487271,B2C
Purchase Adjustment Debit Note Rs 446873,Debit Note
Tax Invoice issued to Infosys Rs 397791,B2B
RCM Professional Fees Rs 461040,Reverse Charge
Overseas Supplier Invoice Germany Rs 297849,Import
Consumer Invoice Rs 31497,B2C
GST Refund Received Rs 53439,GST Refund
Education Service Invoice Rs 480450,Exempt Supply
Corporate Invoice for Flipkart Rs 434858,B2B
Corporate Invoice for Flipkart Rs 77972,B2B
Export GST Refund Rs 375061,GST Refund
Reverse Charge GST Service Rs 264198,Reverse Charge
International Sale to Canada Rs 428923,Export
Import Material Invoice Singapore Rs 337477,Import
Healthcare Service Invoice Rs 355405,Exempt Supply
Export GST Refund Rs 395003,GST Refund
Corporate Invoice for Microsoft Rs 318666,B2B
GST Challan Payment Rs 385547,GST Payment
Debit Note For Freight Rs 200805,Debit Note
Purchase Adjustment Debit Note Rs 134667,Debit Note
GST Challan Payment Rs 436031,GST Payment
Tax Invoice issued to Wipro Rs 102576,B2B
GST Tax Payment Rs 346239,GST Payment
Import Purchase Bill Canada Rs 202386,Import
Exempt Supply Bill Rs 83774,Exempt Supply
Debit Note For Freight Rs 325838,Debit Note
Overseas Supplier Invoice UK Rs 51971,Import
Education Service Invoice Rs 285499,Exempt Supply
GST Tax Payment Rs 255155,GST Payment
Export GST Refund Rs 288460,GST Refund
Export GST Refund Rs 134962,GST Refund
LUT Export Invoice to Germany Rs 52545,Export
Advocate Invoice RCM Rs 197964,Reverse Charge
GST Liability Payment Rs 15035,GST Payment
GST Tax Payment Rs 226318,GST Payment
GST Invoice to IBM Rs 377919,B2B
Import Purchase Bill Japan Rs 212936,Import
GST Liability Payment Rs 106001,GST Payment
Sales Return Credit Note Rs 231230,Credit Note
Corporate Invoice for Tata Steel Rs 407187,B2B
Credit Note Against Invoice Rs 483149,Credit Note
GST Liability Payment Rs 498896,GST Payment
Customer Purchase Bill Rs 18258,B2C
Wholesale Sale to Oracle Rs 172932,B2B
Purchase Adjustment Debit Note Rs 479813,Debit Note
Retail Sale Invoice Rs 473609,B2C
GST Claim Refund Rs 195241,GST Refund
Debit Note For Short Supply Rs 347036,Debit Note
Medical Service Exempt Invoice Rs 321899,Exempt Supply
GST Claim Refund Rs 492300,GST Refund
Reverse Charge GST Service Rs 100216,Reverse Charge
GST Liability Payment Rs 209215,GST Payment
Tax Invoice issued to Deloitte Rs 273354,B2B
International Sale to Singapore Rs 258448,Export
Overseas Supplier Invoice USA Rs 290455,Import
Consumer Invoice Rs 275452,B2C
Credit Note Against Invoice Rs 172508,Credit Note
Retail Sale Invoice Rs 358746,B2C
Customer Credit Note Rs 173076,Credit Note
Credit Adjustment Note Rs 416646,Credit Note
Advocate Invoice RCM Rs 368166,Reverse Charge
Monthly GST Deposit Rs 364495,GST Payment
Export Supply Invoice UK Rs 378181,Export
Monthly GST Deposit Rs 287212,GST Payment
Advocate Invoice RCM Rs 489663,Reverse Charge
Debit Note For Short Supply Rs 342406,Debit Note
Credit Note Against Invoice Rs 123808,Credit Note
LUT Export Invoice to USA Rs 192362,Export
Import Goods From UK Rs 106641,Import
Healthcare Service Invoice Rs 293118,Exempt Supply
Customer Credit Note Rs 297717,Credit Note
Overseas Supplier Invoice USA Rs 56238,Import
International Sale to Canada Rs 344186,Export
Monthly GST Deposit Rs 435792,GST Payment
Import Goods From Australia Rs 183575,Import
Monthly GST Deposit Rs 373615,GST Payment
GST Tax Payment Rs 126367,GST Payment
Debit Note For Short Supply Rs 23888,Debit Note
Debit Note For Short Supply Rs 170306,Debit Note
Retail Sale Invoice Rs 90463,B2C
Import Material Invoice USA Rs 158573,Import
GST Refund Received Rs 496342,GST Refund
Cash Sale Bill Rs 296449,B2C
Sales Return Credit Note Rs 137512,Credit Note
Import Goods From Canada Rs 492533,Import
Overseas Supplier Invoice Germany Rs 142121,Import
Debit Note For Short Supply Rs 454605,Debit Note
Sales Return Credit Note Rs 29809,Credit Note
GST Refund Received Rs 49848,GST Refund
GST Refund Received Rs 108227,GST Refund
Input GST Refund Rs 242612,GST Refund
GST Claim Refund Rs 473948,GST Refund
RCM Professional Fees Rs 347880,Reverse Charge
Monthly GST Deposit Rs 125396,GST Payment
Advocate Invoice RCM Rs 391749,Reverse Charge
Reverse Charge GST Service Rs 442773,Reverse Charge
Monthly GST Deposit Rs 76898,GST Payment
Credit Note Against Invoice Rs 470559,Credit Note
Corporate Invoice for HCL Rs 250048,B2B
Debit Note For Freight Rs 104499,Debit Note
Credit Adjustment Note Rs 285397,Credit Note
GST Challan Payment Rs 428696,GST Payment
Overseas Supplier Invoice Singapore Rs 275387,Import
Export GST Refund Rs 116710,GST Refund
Tax Invoice issued to Deloitte Rs 29241,B2B
Tax Invoice issued to Infosys Rs 362235,B2B
Purchase Adjustment Debit Note Rs 341851,Debit Note
Sales Return Credit Note Rs 419751,Credit Note
Advocate Invoice RCM Rs 83304,Reverse Charge
Sales Return Credit Note Rs 183219,Credit Note
Monthly GST Deposit Rs 246693,GST Payment
Export Supply Invoice Japan Rs 117925,Export
RCM Professional Fees Rs 412005,Reverse Charge
Customer Purchase Bill Rs 134895,B2C
Customer Purchase Bill Rs 392937,B2C
Vendor Debit Note Rs 411638,Debit Note
Customer Credit Note Rs 18261,Credit Note
Credit Note Against Invoice Rs 278617,Credit Note
Education Service Invoice Rs 368587,Exempt Supply
LUT Export Invoice to USA Rs 295418,Export
Export GST Refund Rs 216639,GST Refund
GST Claim Refund Rs 232578,GST Refund
GST Claim Refund Rs 350481,GST Refund
Import Purchase Bill Japan Rs 432046,Import
Tax Invoice issued to Tata Steel Rs 124225,B2B
Debit Note For Freight Rs 472606,Debit Note
Tax Invoice issued to Tata Steel Rs 118891,B2B
Overseas Supplier Invoice Canada Rs 142400,Import
Tax Invoice issued to Deloitte Rs 453694,B2B
Education Service Invoice Rs 142303,Exempt Supply
GST Tax Payment Rs 65002,GST Payment
Customer Credit Note Rs 239255,Credit Note
Monthly GST Deposit Rs 398324,GST Payment
Education Service Invoice Rs 157167,Exempt Supply
Purchase Adjustment Debit Note Rs 49656,Debit Note
Debit Note For Short Supply Rs 18716,Debit Note
RCM Professional Fees Rs 301886,Reverse Charge
Healthcare Service Invoice Rs 65093,Exempt Supply
Export Supply Invoice Germany Rs 383304,Export
Retail Sale Invoice Rs 499241,B2C
Purchase Adjustment Debit Note Rs 333621,Debit Note
Tax Invoice issued to Reliance Rs 25376,B2B
Monthly GST Deposit Rs 229157,GST Payment
GST Challan Payment Rs 118536,GST Payment
Medical Service Exempt Invoice Rs 441931,Exempt Supply
Sales Return Credit Note Rs 15107,Credit Note
Wholesale Sale to Google Rs 367862,B2B
Export GST Refund Rs 206041,GST Refund
Purchase Adjustment Debit Note Rs 147055,Debit Note
Monthly GST Deposit Rs 119585,GST Payment
Reverse Charge GST Service Rs 193928,Reverse Charge
Credit Note Against Invoice Rs 119148,Credit Note
International Sale to Japan Rs 147351,Export
Customer Credit Note Rs 383336,Credit Note
Vendor Debit Note Rs 154498,Debit Note
Debit Note For Freight Rs 32687,Debit Note
International Sale to Singapore Rs 439621,Export
Import Material Invoice Japan Rs 230200,Import
Overseas Supplier Invoice Canada Rs 388079,Import
Retail Sale Invoice Rs 205486,B2C
Import Goods From Germany Rs 467934,Import
Healthcare Service Invoice Rs 496031,Exempt Supply
Reverse Charge GST Service Rs 53496,Reverse Charge
Purchase Adjustment Debit Note Rs 474152,Debit Note
Export GST Refund Rs 38079,GST Refund
Export GST Refund Rs 438283,GST Refund
Advocate Invoice RCM Rs 60975,Reverse Charge
Credit Note Against Invoice Rs 297560,Credit Note
GST Challan Payment Rs 173405,GST Payment
Debit Note For Short Supply Rs 122707,Debit Note
GST Invoice to Wipro Rs 120288,B2B
Input GST Refund Rs 160034,GST Refund
International Sale to Germany Rs 163127,Export
Vendor Debit Note Rs 110161,Debit Note
Debit Note For Short Supply Rs 13130,Debit Note
Sales Return Credit Note Rs 477094,Credit Note
Credit Note Against Invoice Rs 456164,Credit Note
Vendor Debit Note Rs 456895,Debit Note
GST Tax Payment Rs 127707,GST Payment
Reverse Charge GST Service Rs 390512,Reverse Charge
Export GST Refund Rs 236757,GST Refund
Sales Return Credit Note Rs 269491,Credit Note
Legal Service Under RCM Rs 369752,Reverse Charge
Credit Adjustment Note Rs 464745,Credit Note
Import Material Invoice Japan Rs 263988,Import
Import Material Invoice Germany Rs 225710,Import
Export Invoice to Singapore Rs 136226,Export
Retail Sale Invoice Rs 238643,B2C
GST Invoice to Google Rs 414739,B2B
Legal Service Under RCM Rs 283021,Reverse Charge
Export Invoice to USA Rs 271279,Export
Consumer Invoice Rs 316615,B2C
Corporate Invoice for Oracle Rs 442604,B2B
Debit Note For Short Supply Rs 460582,Debit Note
Legal Service Under RCM Rs 490530,Reverse Charge
GST Claim Refund Rs 450658,GST Refund
Monthly GST Deposit Rs 470016,GST Payment
International Sale to Canada Rs 400458,Export
Corporate Invoice for Google Rs 198074,B2B
GST Tax Payment Rs 312709,GST Payment
Credit Adjustment Note Rs 260838,Credit Note
Input GST Refund Rs 387096,GST Refund
Healthcare Service Invoice Rs 11042,Exempt Supply
Consumer Invoice Rs 185198,B2C
Tax Invoice issued to Infosys Rs 412316,B2B
Exempt Supply Bill Rs 489100,Exempt Supply
Import Material Invoice UK Rs 306265,Import
Education Service Invoice Rs 186769,Exempt Supply
Input GST Refund Rs 294402,GST Refund
Credit Adjustment Note Rs 165273,Credit Note
Export GST Refund Rs 482262,GST Refund
Import Goods From Australia Rs 391349,Import
GST Invoice to Oracle Rs 228129,B2B
Credit Adjustment Note Rs 193041,Credit Note
Export Supply Invoice Japan Rs 74912,Export
Import Purchase Bill UK Rs 374134,Import
Import Purchase Bill Germany Rs 137976,Import
Education Service Invoice Rs 266041,Exempt Supply
RCM Professional Fees Rs 415581,Reverse Charge
Import Goods From UK Rs 492637,Import
International Sale to Germany Rs 127905,Export
Debit Note For Freight Rs 199622,Debit Note
Credit Adjustment Note Rs 399006,Credit Note
Advocate Invoice RCM Rs 156657,Reverse Charge
Import Material Invoice UK Rs 338560,Import
GST Invoice to Adani Rs 88852,B2B
International Sale to Canada Rs 300057,Export
Healthcare Service Invoice Rs 384215,Exempt Supply
Customer Credit Note Rs 2159,Credit Note
Import Goods From Germany Rs 121680,Import
Medical Service Exempt Invoice Rs 388128,Exempt Supply
Tax Invoice issued to Wipro Rs 236045,B2B
Credit Adjustment Note Rs 342537,Credit Note
GST Refund Received Rs 48193,GST Refund
Healthcare Service Invoice Rs 407698,Exempt Supply
Overseas Supplier Invoice Singapore Rs 95606,Import
International Sale to UK Rs 157615,Export
GST Tax Payment Rs 411383,GST Payment
Monthly GST Deposit Rs 50244,GST Payment
GST Invoice to Adani Rs 489794,B2B
Cash Sale Bill Rs 211598,B2C
Retail Sale Invoice Rs 121964,B2C
Vendor Debit Note Rs 25338,Debit Note
Debit Note For Freight Rs 43219,Debit Note
Advocate Invoice RCM Rs 426608,Reverse Charge
Import Purchase Bill Germany Rs 51592,Import
Reverse Charge GST Service Rs 129525,Reverse Charge
Education Service Invoice Rs 209947,Exempt Supply
Import Purchase Bill Australia Rs 95220,Import
Credit Note Against Invoice Rs 292764,Credit Note
GST Invoice to Tata Steel Rs 227584,B2B
Customer Credit Note Rs 455450,Credit Note
Input GST Refund Rs 240289,GST Refund
Retail Sale Invoice Rs 36872,B2C
Consumer Invoice Rs 456926,B2C
Exempt Supply Bill Rs 369490,Exempt Supply
Debit Note For Freight Rs 120370,Debit Note
Export Invoice to UK Rs 489130,Export
GST Liability Payment Rs 327475,GST Payment
Vendor Debit Note Rs 123697,Debit Note
Import Purchase Bill Germany Rs 71985,Import
Reverse Charge GST Service Rs 47657,Reverse Charge
Import Purchase Bill Singapore Rs 301394,Import
GST Tax Payment Rs 212149,GST Payment
Monthly GST Deposit Rs 293994,GST Payment
Input GST Refund Rs 275795,GST Refund
Education Service Invoice Rs 285508,Exempt Supply
Export Invoice to Germany Rs 491738,Export
Corporate Invoice for Amazon Rs 467752,B2B
Consumer Invoice Rs 475696,B2C
GST Challan Payment Rs 302785,GST Payment
GST Challan Payment Rs 341612,GST Payment
Advocate Invoice RCM Rs 415166,Reverse Charge
Retail Sale Invoice Rs 382112,B2C
International Sale to Germany Rs 262347,Export
Export Invoice to Germany Rs 252144,Export
Consumer Invoice Rs 254374,B2C
Sales Return Credit Note Rs 132479,Credit Note
GST Challan Payment Rs 34969,GST Payment
GST Claim Refund Rs 68754,GST Refund
Debit Note For Freight Rs 123269,Debit Note
Medical Service Exempt Invoice Rs 358813,Exempt Supply
Tax Invoice issued to Flipkart Rs 3611,B2B
Debit Note For Short Supply Rs 186515,Debit Note
Debit Note For Freight Rs 287396,Debit Note
Debit Note For Freight Rs 438813,Debit Note
Education Service Invoice Rs 63337,Exempt Supply
GST Tax Payment Rs 460456,GST Payment
Import Material Invoice Canada Rs 499822,Import
Exempt Supply Bill Rs 117471,Exempt Supply
Credit Adjustment Note Rs 263178,Credit Note
GST Invoice to Flipkart Rs 104152,B2B
Debit Note For Short Supply Rs 358532,Debit Note
Legal Service Under RCM Rs 189311,Reverse Charge
Education Service Invoice Rs 19231,Exempt Supply
Import Goods From Germany Rs 270385,Import
LUT Export Invoice to Australia Rs 118094,Export
Overseas Supplier Invoice Australia Rs 42175,Import
GST Liability Payment Rs 136899,GST Payment
GST Liability Payment Rs 201425,GST Payment
Advocate Invoice RCM Rs 400037,Reverse Charge
GST Challan Payment Rs 398421,GST Payment
LUT Export Invoice to USA Rs 147796,Export
LUT Export Invoice to UK Rs 464823,Export
Vendor Debit Note Rs 300412,Debit Note
Purchase Adjustment Debit Note Rs 182416,Debit Note
Credit Adjustment Note Rs 377492,Credit Note
Export Invoice to Canada Rs 190632,Export
Import Material Invoice Canada Rs 192792,Import
Medical Service Exempt Invoice Rs 488401,Exempt Supply
Reverse Charge GST Service Rs 151667,Reverse Charge
GST Claim Refund Rs 449303,GST Refund
Debit Note For Freight Rs 489771,Debit Note
Import Material Invoice Germany Rs 336962,Import
Wholesale Sale to IBM Rs 137905,B2B
Import Purchase Bill Australia Rs 421413,Import
Advocate Invoice RCM Rs 333074,Reverse Charge
Debit Note For Short Supply Rs 445438,Debit Note
Credit Adjustment Note Rs 244565,Credit Note
Wholesale Sale to Deloitte Rs 491993,B2B
Import Goods From Singapore Rs 380688,Import
Exempt Supply Bill Rs 214070,Exempt Supply
Import Material Invoice Singapore Rs 76299,Import
Retail Sale Invoice Rs 130879,B2C
Retail Sale Invoice Rs 311765,B2C
Import Purchase Bill Australia Rs 56383,Import
Credit Note Against Invoice Rs 390717,Credit Note
Sales Return Credit Note Rs 212458,Credit Note
Customer Credit Note Rs 127001,Credit Note
Corporate Invoice for IBM Rs 495216,B2B
GST Tax Payment Rs 189003,GST Payment
Legal Service Under RCM Rs 240389,Reverse Charge
Customer Credit Note Rs 176090,Credit Note
Credit Adjustment Note Rs 393051,Credit Note
Import Goods From Germany Rs 294073,Import
GST Liability Payment Rs 305756,GST Payment
Healthcare Service Invoice Rs 190033,Exempt Supply
Corporate Invoice for Adani Rs 477350,B2B
Vendor Debit Note Rs 455053,Debit Note
RCM Professional Fees Rs 123631,Reverse Charge
Cash Sale Bill Rs 294306,B2C
GST Refund Received Rs 405992,GST Refund
Medical Service Exempt Invoice Rs 287822,Exempt Supply
Export Invoice to Germany Rs 396308,Export
Debit Note For Freight Rs 39630,Debit Note
Debit Note For Freight Rs 368381,Debit Note
Sales Return Credit Note Rs 451624,Credit Note
RCM Professional Fees Rs 208118,Reverse Charge
Cash Sale Bill Rs 324160,B2C
GST Challan Payment Rs 475057,GST Payment
Input GST Refund Rs 245813,GST Refund
Customer Purchase Bill Rs 176544,B2C
Tax Invoice issued to Google Rs 389414,B2B
Debit Note For Short Supply Rs 343332,Debit Note
GST Liability Payment Rs 463573,GST Payment
LUT Export Invoice to Japan Rs 104452,Export
GST Invoice to Adani Rs 270236,B2B
Input GST Refund Rs 124178,GST Refund
Overseas Supplier Invoice UK Rs 288977,Import
Credit Note Against Invoice Rs 493228,Credit Note
GST Tax Payment Rs 122904,GST Payment
Debit Note For Short Supply Rs 194593,Debit Note
Vendor Debit Note Rs 4975,Debit Note
Export Supply Invoice Germany Rs 124568,Export
Credit Note Against Invoice Rs 343871,Credit Note
Overseas Supplier Invoice Australia Rs 80478,Import
Customer Purchase Bill Rs 265335,B2C
Export Supply Invoice Japan Rs 462898,Export
Customer Purchase Bill Rs 100911,B2C
Tax Invoice issued to Adani Rs 148314,B2B
Import Material Invoice UK Rs 125572,Import
GST Invoice to Oracle Rs 483393,B2B
Customer Credit Note Rs 367812,Credit Note
Advocate Invoice RCM Rs 354820,Reverse Charge
Customer Credit Note Rs 457847,Credit Note
Medical Service Exempt Invoice Rs 383979,Exempt Supply
Export Supply Invoice Germany Rs 203165,Export
Credit Adjustment Note Rs 193748,Credit Note
International Sale to UK Rs 498330,Export
Overseas Supplier Invoice Canada Rs 222598,Import
Education Service Invoice Rs 422622,Exempt Supply
Vendor Debit Note Rs 336376,Debit Note
Debit Note For Short Supply Rs 118304,Debit Note
Consumer Invoice Rs 428972,B2C
Export GST Refund Rs 419445,GST Refund
Debit Note For Freight Rs 347302,Debit Note
Import Goods From UK Rs 254741,Import
Reverse Charge GST Service Rs 226058,Reverse Charge
Export Supply Invoice Japan Rs 273213,Export
Wholesale Sale to Wipro Rs 321929,B2B
Customer Credit Note Rs 33330,Credit Note
Credit Adjustment Note Rs 257951,Credit Note
Monthly GST Deposit Rs 31795,GST Payment
Import Purchase Bill Australia Rs 431885,Import
Import Material Invoice Japan Rs 186303,Import
GST Refund Received Rs 295148,GST Refund
LUT Export Invoice to Germany Rs 24473,Export
Medical Service Exempt Invoice Rs 196399,Exempt Supply
GST Invoice to Infosys Rs 154442,B2B
Corporate Invoice for Oracle Rs 184381,B2B
GST Challan Payment Rs 418636,GST Payment
Monthly GST Deposit Rs 315183,GST Payment
Medical Service Exempt Invoice Rs 62935,Exempt Supply
Credit Note Against Invoice Rs 435321,Credit Note
Credit Note Against Invoice Rs 272319,Credit Note
Education Service Invoice Rs 28876,Exempt Supply
Corporate Invoice for Flipkart Rs 87251,B2B
Purchase Adjustment Debit Note Rs 151020,Debit Note
Credit Note Against Invoice Rs 323828,Credit Note
Education Service Invoice Rs 288446,Exempt Supply
Legal Service Under RCM Rs 499712,Reverse Charge
Import Purchase Bill Singapore Rs 132625,Import
Tax Invoice issued to TCS Rs 122228,B2B
Consumer Invoice Rs 293581,B2C
Export Supply Invoice Japan Rs 150483,Export
Legal Service Under RCM Rs 77509,Reverse Charge
Advocate Invoice RCM Rs 175628,Reverse Charge
Healthcare Service Invoice Rs 426866,Exempt Supply
Exempt Supply Bill Rs 57108,Exempt Supply
LUT Export Invoice to Germany Rs 119286,Export
Exempt Supply Bill Rs 161284,Exempt Supply
Debit Note For Short Supply Rs 181087,Debit Note
International Sale to Singapore Rs 302274,Export
Tax Invoice issued to TCS Rs 11881,B2B
GST Tax Payment Rs 289397,GST Payment
Debit Note For Short Supply Rs 141496,Debit Note
Corporate Invoice for TCS Rs 15872,B2B
GST Claim Refund Rs 303990,GST Refund
Debit Note For Short Supply Rs 386868,Debit Note
Education Service Invoice Rs 330627,Exempt Supply
LUT Export Invoice to USA Rs 221393,Export
Export GST Refund Rs 390404,GST Refund
Import Purchase Bill Japan Rs 255892,Import
RCM Professional Fees Rs 304894,Reverse Charge
Vendor Debit Note Rs 357649,Debit Note
Legal Service Under RCM Rs 150506,Reverse Charge
Input GST Refund Rs 22118,GST Refund
Customer Credit Note Rs 201038,Credit Note
Healthcare Service Invoice Rs 310441,Exempt Supply
Cash Sale Bill Rs 161211,B2C
Import Material Invoice Japan Rs 425347,Import
Reverse Charge GST Service Rs 39537,Reverse Charge
Cash Sale Bill Rs 121744,B2C
GST Invoice to Deloitte Rs 385203,B2B
Advocate Invoice RCM Rs 350011,Reverse Charge
International Sale to Germany Rs 60792,Export
Medical Service Exempt Invoice Rs 149236,Exempt Supply
GST Challan Payment Rs 445047,GST Payment
Consumer Invoice Rs 217469,B2C
GST Invoice to Accenture Rs 389616,B2B
Import Material Invoice UK Rs 307902,Import
Debit Note For Freight Rs 445825,Debit Note
GST Liability Payment Rs 184954,GST Payment
LUT Export Invoice to Australia Rs 115598,Export
Reverse Charge GST Service Rs 261985,Reverse Charge
Medical Service Exempt Invoice Rs 215984,Exempt Supply
Import Material Invoice Canada Rs 119009,Import
Medical Service Exempt Invoice Rs 69005,Exempt Supply
Import Material Invoice Singapore Rs 68976,Import
Advocate Invoice RCM Rs 128151,Reverse Charge
GST Liability Payment Rs 164620,GST Payment
Purchase Adjustment Debit Note Rs 489169,Debit Note
Export GST Refund Rs 240904,GST Refund
Input GST Refund Rs 384325,GST Refund
Reverse Charge GST Service Rs 406632,Reverse Charge
Monthly GST Deposit Rs 206560,GST Payment
Exempt Supply Bill Rs 429185,Exempt Supply
Sales Return Credit Note Rs 155590,Credit Note
Reverse Charge GST Service Rs 8882,Reverse Charge
GST Invoice to Accenture Rs 303696,B2B
Credit Adjustment Note Rs 153029,Credit Note
Purchase Adjustment Debit Note Rs 233863,Debit Note
Credit Note Against Invoice Rs 102783,Credit Note
Advocate Invoice RCM Rs 424365,Reverse Charge
Sales Return Credit Note Rs 211567,Credit Note
Customer Credit Note Rs 342793,Credit Note
Corporate Invoice for TCS Rs 495473,B2B
Medical Service Exempt Invoice Rs 75995,Exempt Supply
Advocate Invoice RCM Rs 373691,Reverse Charge
International Sale to UK Rs 4772,Export
Debit Note For Short Supply Rs 122433,Debit Note
GST Challan Payment Rs 405185,GST Payment
Advocate Invoice RCM Rs 279818,Reverse Charge
Tax Invoice issued to Tata Steel Rs 61789,B2B
Export GST Refund Rs 175180,GST Refund
Export GST Refund Rs 412925,GST Refund
Export Invoice to UK Rs 204073,Export
Advocate Invoice RCM Rs 171869,Reverse Charge
Debit Note For Short Supply Rs 131135,Debit Note
Corporate Invoice for Flipkart Rs 360403,B2B
Tax Invoice issued to Accenture Rs 307487,B2B
International Sale to Australia Rs 219691,Export
Healthcare Service Invoice Rs 137577,Exempt Supply
Consumer Invoice Rs 292913,B2C
Education Service Invoice Rs 111005,Exempt Supply
Debit Note For Short Supply Rs 397769,Debit Note
Healthcare Service Invoice Rs 179020,Exempt Supply
Wholesale Sale to Infosys Rs 3095,B2B
Purchase Adjustment Debit Note Rs 451107,Debit Note
Education Service Invoice Rs 443317,Exempt Supply
Vendor Debit Note Rs 386294,Debit Note
LUT Export Invoice to Australia Rs 318582,Export
Cash Sale Bill Rs 371672,B2C
GST Challan Payment Rs 86439,GST Payment
Credit Note Against Invoice Rs 492889,Credit Note
Advocate Invoice RCM Rs 221572,Reverse Charge
Credit Note Against Invoice Rs 456272,Credit Note
Export GST Refund Rs 89579,GST Refund
Medical Service Exempt Invoice Rs 474771,Exempt Supply
Overseas Supplier Invoice Singapore Rs 235660,Import
Retail Sale Invoice Rs 354750,B2C
Reverse Charge GST Service Rs 465552,Reverse Charge
Cash Sale Bill Rs 90229,B2C
RCM Professional Fees Rs 461787,Reverse Charge
GST Tax Payment Rs 33121,GST Payment
Export GST Refund Rs 308301,GST Refund
Corporate Invoice for Accenture Rs 401329,B2B
International Sale to Canada Rs 419737,Export
Overseas Supplier Invoice Singapore Rs 62316,Import
Exempt Supply Bill Rs 492768,Exempt Supply
Healthcare Service Invoice Rs 187556,Exempt Supply
Export Supply Invoice Singapore Rs 302867,Export
Reverse Charge GST Service Rs 157492,Reverse Charge
Credit Note Against Invoice Rs 199117,Credit Note
LUT Export Invoice to Singapore Rs 46397,Export
Education Service Invoice Rs 203994,Exempt Supply
Debit Note For Short Supply Rs 208521,Debit Note
Tax Invoice issued to Amazon Rs 191525,B2B
Advocate Invoice RCM Rs 328671,Reverse Charge
Education Service Invoice Rs 449516,Exempt Supply
LUT Export Invoice to Canada Rs 154634,Export
Sales Return Credit Note Rs 400561,Credit Note
Healthcare Service Invoice Rs 126672,Exempt Supply
Import Purchase Bill USA Rs 356763,Import
GST Tax Payment Rs 421275,GST Payment
LUT Export Invoice to USA Rs 136226,Export
GST Liability Payment Rs 235539,GST Payment
Corporate Invoice for Reliance Rs 217768,B2B
Debit Note For Short Supply Rs 372513,Debit Note
GST Liability Payment Rs 408245,GST Payment
Import Material Invoice Germany Rs 339953,Import
Corporate Invoice for Infosys Rs 189429,B2B
Import Material Invoice USA Rs 271694,Import
GST Refund Received Rs 175405,GST Refund
Credit Adjustment Note Rs 20667,Credit Note
Corporate Invoice for Tata Steel Rs 209185,B2B
Reverse Charge GST Service Rs 417890,Reverse Charge
Customer Credit Note Rs 268551,Credit Note
Cash Sale Bill Rs 358889,B2C
Cash Sale Bill Rs 376848,B2C
Education Service Invoice Rs 405304,Exempt Supply
Export Supply Invoice Australia Rs 258602,Export
Wholesale Sale to Flipkart Rs 119007,B2B
GST Liability Payment Rs 398412,GST Payment
Retail Sale Invoice Rs 335305,B2C
Export GST Refund Rs 38448,GST Refund
Customer Credit Note Rs 121180,Credit Note
Customer Purchase Bill Rs 331377,B2C
GST Claim Refund Rs 423363,GST Refund
RCM Professional Fees Rs 105486,Reverse Charge
Education Service Invoice Rs 126777,Exempt Supply
Advocate Invoice RCM Rs 250165,Reverse Charge
Medical Service Exempt Invoice Rs 83536,Exempt Supply
Vendor Debit Note Rs 144721,Debit Note
Legal Service Under RCM Rs 255330,Reverse Charge
GST Claim Refund Rs 496144,GST Refund
Retail Sale Invoice Rs 445628,B2C
RCM Professional Fees Rs 249684,Reverse Charge
Credit Note Against Invoice Rs 458505,Credit Note
GST Refund Received Rs 377343,GST Refund
Consumer Invoice Rs 15398,B2C
Import Goods From Canada Rs 333261,Import
Wholesale Sale to Deloitte Rs 388540,B2B
GST Invoice to Deloitte Rs 39117,B2B
Import Purchase Bill Australia Rs 127708,Import
Education Service Invoice Rs 316626,Exempt Supply
Sales Return Credit Note Rs 332855,Credit Note
RCM Professional Fees Rs 250592,Reverse Charge
Legal Service Under RCM Rs 26290,Reverse Charge
Healthcare Service Invoice Rs 267494,Exempt Supply
GST Refund Received Rs 274087,GST Refund
GST Claim Refund Rs 464880,GST Refund
GST Refund Received Rs 257690,GST Refund
Monthly GST Deposit Rs 449086,GST Payment
Healthcare Service Invoice Rs 198063,Exempt Supply
LUT Export Invoice to Australia Rs 480817,Export
Export GST Refund Rs 85110,GST Refund
Debit Note For Freight Rs 385194,Debit Note
Reverse Charge GST Service Rs 379769,Reverse Charge
GST Tax Payment Rs 308064,GST Payment
Healthcare Service Invoice Rs 334848,Exempt Supply
RCM Professional Fees Rs 396843,Reverse Charge
Advocate Invoice RCM Rs 324077,Reverse Charge
Monthly GST Deposit Rs 351317,GST Payment
Overseas Supplier Invoice UK Rs 454107,Import
Exempt Supply Bill Rs 179220,Exempt Supply
GST Tax Payment Rs 337647,GST Payment
Advocate Invoice RCM Rs 176690,Reverse Charge
Reverse Charge GST Service Rs 478803,Reverse Charge
Cash Sale Bill Rs 245390,B2C
Overseas Supplier Invoice Australia Rs 483637,Import
Export GST Refund Rs 248528,GST Refund
Input GST Refund Rs 183980,GST Refund
Import Material Invoice Canada Rs 491559,Import
GST Liability Payment Rs 355014,GST Payment
GST Challan Payment Rs 250414,GST Payment
Credit Adjustment Note Rs 59461,Credit Note
Overseas Supplier Invoice Singapore Rs 155865,Import
Import Purchase Bill Japan Rs 391718,Import
Monthly GST Deposit Rs 183220,GST Payment
Export GST Refund Rs 464335,GST Refund
Input GST Refund Rs 424976,GST Refund
GST Tax Payment Rs 128846,GST Payment
Medical Service Exempt Invoice Rs 312876,Exempt Supply
GST Challan Payment Rs 246258,GST Payment
Export GST Refund Rs 173775,GST Refund
GST Liability Payment Rs 50741,GST Payment
GST Refund Received Rs 448357,GST Refund
Legal Service Under RCM Rs 356569,Reverse Charge
GST Liability Payment Rs 426851,GST Payment
Healthcare Service Invoice Rs 218967,Exempt Supply
Education Service Invoice Rs 95688,Exempt Supply
Advocate Invoice RCM Rs 247373,Reverse Charge
Healthcare Service Invoice Rs 43255,Exempt Supply
Import Material Invoice Australia Rs 142116,Import
Import Goods From Australia Rs 193550,Import
Debit Note For Freight Rs 230251,Debit Note
Medical Service Exempt Invoice Rs 80813,Exempt Supply
Export Invoice to Australia Rs 47930,Export
Import Goods From Australia Rs 295616,Import
LUT Export Invoice to Germany Rs 128196,Export
Debit Note For Short Supply Rs 239942,Debit Note
Monthly GST Deposit Rs 141870,GST Payment
RCM Professional Fees Rs 48308,Reverse Charge
Debit Note For Freight Rs 492092,Debit Note
LUT Export Invoice to UK Rs 165909,Export
Purchase Adjustment Debit Note Rs 249849,Debit Note
Export Invoice to Japan Rs 284088,Export
Vendor Debit Note Rs 328270,Debit Note
Legal Service Under RCM Rs 394484,Reverse Charge
Overseas Supplier Invoice Singapore Rs 434616,Import
Healthcare Service Invoice Rs 102263,Exempt Supply
GST Refund Received Rs 446733,GST Refund
Export Supply Invoice Germany Rs 429341,Export
Legal Service Under RCM Rs 296693,Reverse Charge
Wholesale Sale to Accenture Rs 219178,B2B
Debit Note For Freight Rs 454178,Debit Note
Export Invoice to UK Rs 188046,Export
Monthly GST Deposit Rs 325630,GST Payment
Import Purchase Bill UK Rs 9201,Import
Credit Adjustment Note Rs 57019,Credit Note
Export GST Refund Rs 492224,GST Refund
Reverse Charge GST Service Rs 429319,Reverse Charge
Export GST Refund Rs 478268,GST Refund
Credit Note Against Invoice Rs 499777,Credit Note
GST Claim Refund Rs 385462,GST Refund
Vendor Debit Note Rs 105932,Debit Note
Retail Sale Invoice Rs 2500,B2C
Customer Purchase Bill Rs 489266,B2C
Overseas Supplier Invoice UK Rs 458628,Import
Sales Return Credit Note Rs 409358,Credit Note
Cash Sale Bill Rs 174176,B2C
Import Goods From Australia Rs 195054,Import
Education Service Invoice Rs 118626,Exempt Supply
Monthly GST Deposit Rs 264602,GST Payment
Purchase Adjustment Debit Note Rs 188730,Debit Note
RCM Professional Fees Rs 28007,Reverse Charge
Import Material Invoice USA Rs 154552,Import
Exempt Supply Bill Rs 281731,Exempt Supply
Import Material Invoice USA Rs 302648,Import
Reverse Charge GST Service Rs 328500,Reverse Charge
Credit Adjustment Note Rs 246667,Credit Note
GST Claim Refund Rs 112444,GST Refund
Import Purchase Bill Canada Rs 484460,Import
Import Goods From Singapore Rs 236532,Import
GST Invoice to Infosys Rs 28026,B2B
Customer Credit Note Rs 258259,Credit Note
Advocate Invoice RCM Rs 27373,Reverse Charge
GST Refund Received Rs 74456,GST Refund
Export Supply Invoice UK Rs 79066,Export
LUT Export Invoice to USA Rs 8387,Export
Vendor Debit Note Rs 340094,Debit Note
Debit Note For Short Supply Rs 372771,Debit Note
Credit Note Against Invoice Rs 412908,Credit Note
Import Material Invoice Australia Rs 496880,Import
Consumer Invoice Rs 259750,B2C
GST Invoice to Adani Rs 360454,B2B
Vendor Debit Note Rs 377513,Debit Note
Corporate Invoice for IBM Rs 336080,B2B
Debit Note For Freight Rs 334480,Debit Note
Cash Sale Bill Rs 21249,B2C
Input GST Refund Rs 424319,GST Refund
Advocate Invoice RCM Rs 383250,Reverse Charge
Retail Sale Invoice Rs 407156,B2C
Cash Sale Bill Rs 96642,B2C
Export Invoice to USA Rs 19287,Export
Reverse Charge GST Service Rs 235928,Reverse Charge
Retail Sale Invoice Rs 433915,B2C
International Sale to Australia Rs 433127,Export
Export GST Refund Rs 152407,GST Refund
Debit Note For Short Supply Rs 335839,Debit Note
Purchase Adjustment Debit Note Rs 176474,Debit Note
GST Claim Refund Rs 162399,GST Refund
Overseas Supplier Invoice Germany Rs 180872,Import
Debit Note For Short Supply Rs 68346,Debit Note
GST Liability Payment Rs 102862,GST Payment
Export Invoice to Australia Rs 421382,Export
Medical Service Exempt Invoice Rs 442740,Exempt Supply
Corporate Invoice for HCL Rs 206352,B2B
Healthcare Service Invoice Rs 214846,Exempt Supply
GST Invoice to IBM Rs 318740,B2B
Purchase Adjustment Debit Note Rs 276412,Debit Note
Debit Note For Short Supply Rs 208964,Debit Note
LUT Export Invoice to UK Rs 91102,Export
Customer Purchase Bill Rs 29291,B2C
Wholesale Sale to Accenture Rs 448395,B2B
Overseas Supplier Invoice Canada Rs 283767,Import
Consumer Invoice Rs 342201,B2C
Import Purchase Bill Canada Rs 489096,Import
Purchase Adjustment Debit Note Rs 304237,Debit Note
Sales Return Credit Note Rs 445747,Credit Note
Consumer Invoice Rs 187677,B2C
Reverse Charge GST Service Rs 24980,Reverse Charge
Import Goods From Japan Rs 93216,Import
Legal Service Under RCM Rs 290141,Reverse Charge
Retail Sale Invoice Rs 211126,B2C
Reverse Charge GST Service Rs 426682,Reverse Charge
Debit Note For Short Supply Rs 144976,Debit Note
GST Tax Payment Rs 49636,GST Payment
Reverse Charge GST Service Rs 40648,Reverse Charge
GST Claim Refund Rs 120922,GST Refund
Export Invoice to Australia Rs 272529,Export
Medical Service Exempt Invoice Rs 269375,Exempt Supply
Customer Credit Note Rs 96209,Credit Note
Exempt Supply Bill Rs 376164,Exempt Supply
Customer Purchase Bill Rs 311294,B2C
Credit Note Against Invoice Rs 143692,Credit Note
Consumer Invoice Rs 488728,B2C
Corporate Invoice for IBM Rs 335972,B2B
Input GST Refund Rs 225034,GST Refund
Import Material Invoice UK Rs 95964,Import
Export Invoice to Australia Rs 237918,Export
Import Goods From Singapore Rs 155398,Import
GST Claim Refund Rs 4377,GST Refund
Healthcare Service Invoice Rs 273933,Exempt Supply
RCM Professional Fees Rs 133994,Reverse Charge
Debit Note For Short Supply Rs 449977,Debit Note
Export Supply Invoice Germany Rs 63591,Export
Export GST Refund Rs 388229,GST Refund
Purchase Adjustment Debit Note Rs 90840,Debit Note
Debit Note For Short Supply Rs 349464,Debit Note
GST Refund Received Rs 65445,GST Refund
Exempt Supply Bill Rs 271414,Exempt Supply
Input GST Refund Rs 124045,GST Refund
Purchase Adjustment Debit Note Rs 293759,Debit Note
Cash Sale Bill Rs 152240,B2C
Tax Invoice issued to HCL Rs 281340,B2B
Import Purchase Bill UK Rs 339613,Import
Export Invoice to Australia Rs 445199,Export
GST Claim Refund Rs 128624,GST Refund
Export GST Refund Rs 250993,GST Refund
Medical Service Exempt Invoice Rs 332740,Exempt Supply
Monthly GST Deposit Rs 254056,GST Payment
Tax Invoice issued to Microsoft Rs 31891,B2B
GST Liability Payment Rs 402364,GST Payment
Credit Note Against Invoice Rs 95039,Credit Note
Export Invoice to Germany Rs 480554,Export
Monthly GST Deposit Rs 457431,GST Payment
Import Purchase Bill Japan Rs 59338,Import
Retail Sale Invoice Rs 137733,B2C
Wholesale Sale to Oracle Rs 310675,B2B
Retail Sale Invoice Rs 254322,B2C
Import Goods From Canada Rs 34808,Import
Customer Purchase Bill Rs 357166,B2C
GST Liability Payment Rs 317324,GST Payment
Corporate Invoice for IBM Rs 239942,B2B
Customer Credit Note Rs 197723,Credit Note
Tax Invoice issued to TCS Rs 98543,B2B
Import Material Invoice Japan Rs 375753,Import
Education Service Invoice Rs 417477,Exempt Supply
GST Refund Received Rs 66461,GST Refund
Debit Note For Freight Rs 303206,Debit Note
Input GST Refund Rs 430672,GST Refund
Credit Note Against Invoice Rs 33437,Credit Note
GST Liability Payment Rs 480389,GST Payment
GST Refund Received Rs 8756,GST Refund
Education Service Invoice Rs 428472,Exempt Supply
Export Supply Invoice Singapore Rs 394388,Export
Exempt Supply Bill Rs 341114,Exempt Supply
Overseas Supplier Invoice Canada Rs 151363,Import
Credit Note Against Invoice Rs 494401,Credit Note
Tax Invoice issued to Flipkart Rs 22816,B2B
Healthcare Service Invoice Rs 403263,Exempt Supply
Sales Return Credit Note Rs 445449,Credit Note
Import Material Invoice Australia Rs 137165,Import
Input GST Refund Rs 56025,GST Refund
RCM Professional Fees Rs 498149,Reverse Charge
LUT Export Invoice to Japan Rs 450250,Export
Debit Note For Short Supply Rs 352290,Debit Note
LUT Export Invoice to Canada Rs 277832,Export
Input GST Refund Rs 420103,GST Refund
Customer Credit Note Rs 16872,Credit Note
Import Purchase Bill Japan Rs 461454,Import
Retail Sale Invoice Rs 175152,B2C
Tax Invoice issued to Oracle Rs 443342,B2B
Monthly GST Deposit Rs 329671,GST Payment
Export Supply Invoice Germany Rs 329798,Export
Purchase Adjustment Debit Note Rs 92802,Debit Note
Retail Sale Invoice Rs 455860,B2C
Credit Note Against Invoice Rs 368772,Credit Note
GST Liability Payment Rs 119505,GST Payment
Consumer Invoice Rs 107593,B2C
Sales Return Credit Note Rs 350490,Credit Note
Export GST Refund Rs 18066,GST Refund
Export GST Refund Rs 490505,GST Refund
Consumer Invoice Rs 442789,B2C
Import Goods From Canada Rs 399138,Import
GST Tax Payment Rs 343288,GST Payment
Legal Service Under RCM Rs 280706,Reverse Charge
Corporate Invoice for Accenture Rs 432985,B2B
Reverse Charge GST Service Rs 290699,Reverse Charge
Customer Credit Note Rs 431401,Credit Note
Debit Note For Freight Rs 302636,Debit Note
GST Tax Payment Rs 72057,GST Payment
Corporate Invoice for HCL Rs 61349,B2B
GST Refund Received Rs 444223,GST Refund
Customer Purchase Bill Rs 475591,B2C
Monthly GST Deposit Rs 290260,GST Payment
LUT Export Invoice to Canada Rs 339270,Export
Corporate Invoice for Infosys Rs 18939,B2B
RCM Professional Fees Rs 97044,Reverse Charge
Purchase Adjustment Debit Note Rs 278074,Debit Note
RCM Professional Fees Rs 156075,Reverse Charge
Debit Note For Freight Rs 482789,Debit Note
Vendor Debit Note Rs 271531,Debit Note
GST Tax Payment Rs 107248,GST Payment
Credit Adjustment Note Rs 246077,Credit Note
Export GST Refund Rs 456063,GST Refund
Vendor Debit Note Rs 394054,Debit Note
